ISO-10303-21;
HEADER;
FILE_DESCRIPTION (( 'STEP AP214' ),
    '1' );
FILE_NAME ('Arc Enclosed Ball Bearing.STEP',
    '2026-08-22T10:02:52',
    ( '' ),
    ( '' ),
    'SwSTEP 2.0',
    'SolidWorks 2022',
    '' );
FILE_SCHEMA (( 'AUTOMOTIVE_DESIGN' ));
ENDSEC;

DATA;
#1 = DIRECTION ( 'NONE',  ( 0.000000000000000000, 1.000000000000000000, -0.000000000000000000 ) ) ;
#2 = CARTESIAN_POINT ( 'NONE',  ( 0.000000000000000000, 6.000000000000000000, 0.000000000000000000 ) ) ;
#3 = ORIENTED_EDGE ( 'NONE', *, *, #895, .F. ) ;
#4 = EDGE_CURVE ( 'NONE', #449, #1474, #1350, .T. ) ;
#5 = DIRECTION ( 'NONE',  ( -0.000000000000000000, -1.000000000000000000, -0.000000000000000000 ) ) ;
#6 = VERTEX_POINT ( 'NONE', #309 ) ;
#7 = CARTESIAN_POINT ( 'NONE',  ( 0.000000000000000000, -10.00000000000000000, 0.000000000000000000 ) ) ;
#8 = CARTESIAN_POINT ( 'NONE',  ( -14.91298734512724522, -3.400000000000001243, -21.29795315151376656 ) ) ;
#9 = EDGE_LOOP ( 'NONE', ( #1105, #32, #1528, #626 ) ) ;
#10 = CIRCLE ( 'NONE', #899, 22.50000000000000355 ) ;
#11 = DIRECTION ( 'NONE',  ( 0.000000000000000000, 0.000000000000000000, 1.000000000000000000 ) ) ;
#12 = CIRCLE ( 'NONE', #724, 25.80000000000000426 ) ;
#13 = EDGE_CURVE ( 'NONE', #1089, #1483, #429, .T. ) ;
#14 = ORIENTED_EDGE ( 'NONE', *, *, #1309, .F. ) ;
#15 = CARTESIAN_POINT ( 'NONE',  ( 17.77223108036031007, 5.000000000000000000, -14.91267254472767512 ) ) ;
#16 = LINE ( 'NONE', #509, #1000 ) ;
#17 = CIRCLE ( 'NONE', #1378, 2.750000000000001776 ) ;
#18 = VERTEX_POINT ( 'NONE', #289 ) ;
#19 = COLOUR_RGB ( '',0.7921568627450980005, 0.8196078431372548767, 0.9333333333333333481 ) ;
#20 = CARTESIAN_POINT ( 'NONE',  ( 0.000000000000000000, 7.599999999999999645, 0.000000000000000000 ) ) ;
#21 =( REPRESENTATION_RELATIONSHIP ('NONE','NONE', #1431, #955 ) REPRESENTATION_RELATIONSHIP_WITH_TRANSFORMATION ( #345 )SHAPE_REPRESENTATION_RELATIONSHIP( ) );
#22 = ORIENTED_EDGE ( 'NONE', *, *, #314, .T. ) ;
#23 = EDGE_CURVE ( 'NONE', #870, #40, #910, .T. ) ;
#24 = DIRECTION ( 'NONE',  ( 0.000000000000000000, 0.000000000000000000, -1.000000000000000000 ) ) ;
#25 = CARTESIAN_POINT ( 'NONE',  ( 0.000000000000000000, 3.399999999999999911, 0.000000000000000000 ) ) ;
#26 = ORIENTED_EDGE ( 'NONE', *, *, #364, .F. ) ;
#27 = DIRECTION ( 'NONE',  ( 0.000000000000000000, 0.000000000000000000, 1.000000000000000000 ) ) ;
#28 = ORIENTED_EDGE ( 'NONE', *, *, #471, .T. ) ;
#29 = DIRECTION ( 'NONE',  ( -0.000000000000000000, 1.000000000000000000, -0.000000000000000000 ) ) ;
#30 = CIRCLE ( 'NONE', #543, 31.75000000000000000 ) ;
#31 = DIRECTION ( 'NONE',  ( -0.000000000000000000, -1.000000000000000000, -0.000000000000000000 ) ) ;
#32 = ORIENTED_EDGE ( 'NONE', *, *, #1094, .F. ) ;
#33 = EDGE_CURVE ( 'NONE', #40, #353, #1300, .T. ) ;
#34 = DIRECTION ( 'NONE',  ( -2.971540625028193050E-16, 0.9999999999999998890, 5.053803060627914586E-16 ) ) ;
#35 = CARTESIAN_POINT ( 'NONE',  ( -21.14308396768296916, -0.6500000000000000222, -7.695453224827478067 ) ) ;
#36 = CARTESIAN_POINT ( 'NONE',  ( 0.000000000000000000, 0.000000000000000000, 0.000000000000000000 ) ) ;
#37 = VECTOR ( 'NONE', #319, 1000.000000000000114 ) ;
#38 = FACE_OUTER_BOUND ( 'NONE', #150, .T. ) ;
#39 = DIRECTION ( 'NONE',  ( -0.6946583704589953667, 0.000000000000000000, 0.7193398003386530792 ) ) ;
#40 = VERTEX_POINT ( 'NONE', #1267 ) ;
#41 = ADVANCED_FACE ( 'NONE', ( #657 ), #281, .F. ) ;
#42 = DIRECTION ( 'NONE',  ( -3.740412143289741452E-16, -0.9999999999999997780, 7.158680281354605862E-17 ) ) ;
#43 = VECTOR ( 'NONE', #659, 1000.000000000000114 ) ;
#44 = FACE_OUTER_BOUND ( 'NONE', #1353, .T. ) ;
#45 = DIRECTION ( 'NONE',  ( 0.000000000000000000, 0.000000000000000000, -1.000000000000000000 ) ) ;
#46 = CIRCLE ( 'NONE', #1104, 25.80000000000000426 ) ;
#47 = CARTESIAN_POINT ( 'NONE',  ( -15.05638145421500163, -0.6500000000000000222, -21.50274116258600898 ) ) ;
#48 = DIRECTION ( 'NONE',  ( -0.7660444431189792347, 0.000000000000000000, 0.6427876096865379196 ) ) ;
#49 = ORIENTED_EDGE ( 'NONE', *, *, #210, .T. ) ;
#50 = DIRECTION ( 'NONE',  ( 0.9978882499812190554, 1.004218783539426399E-15, 0.06495414189580554776 ) ) ;
#51 = EDGE_CURVE ( 'NONE', #337, #1474, #194, .T. ) ;
#52 = FACE_OUTER_BOUND ( 'NONE', #738, .T. ) ;
#53 = CARTESIAN_POINT ( 'NONE',  ( 0.000000000000000000, 0.6500000000000000222, 0.000000000000000000 ) ) ;
#54 = ADVANCED_FACE ( 'NONE', ( #44 ), #787, .F. ) ;
#55 = CARTESIAN_POINT ( 'NONE',  ( 0.000000000000000000, 5.000000000000000000, 0.000000000000000000 ) ) ;
#56 = AXIS2_PLACEMENT_3D ( 'NONE', #652, #327, #1032 ) ;
#57 = CARTESIAN_POINT ( 'NONE',  ( -16.40094744772129332, 6.000000000000000000, -15.83821084646509370 ) ) ;
#58 = PRODUCT_DEFINITION_SHAPE ( 'NONE', 'NONE',  #1477 ) ;
#59 = EDGE_LOOP ( 'NONE', ( #1086, #474, #22, #547, #584 ) ) ;
#60 = APPLICATION_PROTOCOL_DEFINITION ( 'draft international standard', 'automotive_design', 1998, #673 ) ;
#61 = ORIENTED_EDGE ( 'NONE', *, *, #51, .T. ) ;
#62 =( NAMED_UNIT ( * ) PLANE_ANGLE_UNIT ( ) SI_UNIT ( $, .RADIAN. ) );
#63 = LINE ( 'NONE', #1393, #982 ) ;
#64 = DIRECTION ( 'NONE',  ( 0.6427876096865380307, 0.000000000000000000, 0.7660444431189791237 ) ) ;
#65 = VECTOR ( 'NONE', #68, 1000.000000000000000 ) ;
#66 = EDGE_CURVE ( 'NONE', #747, #86, #773, .T. ) ;
#67 = CLOSED_SHELL ( 'NONE', ( #196, #832 ) ) ;
#68 = DIRECTION ( 'NONE',  ( -0.000000000000000000, 1.000000000000000000, -0.000000000000000000 ) ) ;
#69 = ORIENTED_EDGE ( 'NONE', *, *, #1520, .T. ) ;
#70 = CARTESIAN_POINT ( 'NONE',  ( -24.94681107257092378, -0.3999999999999931388, -6.961796988526504748 ) ) ;
#71 = EDGE_LOOP ( 'NONE', ( #1044, #1143, #444, #557, #1534, #1415, #735, #1333, #1356, #978 ) ) ;
#72 = DIRECTION ( 'NONE',  ( -0.3420201433256656598, -0.000000000000000000, 0.9396926207859095381 ) ) ;
#73 = DIRECTION ( 'NONE',  ( -0.000000000000000000, -1.000000000000000000, -0.000000000000000000 ) ) ;
#74 = AXIS2_PLACEMENT_3D ( 'NONE', #610, #1469, #632 ) ;
#75 = DIRECTION ( 'NONE',  ( -0.5735764363510480468, 0.000000000000000000, -0.8191520442889903553 ) ) ;
#76 = AXIS2_PLACEMENT_3D ( 'NONE', #1255, #1366, #1020 ) ;
#77 = MANIFOLD_SOLID_BREP ( 'Revolve3', #67 ) ;
#78 = STYLED_ITEM ( 'NONE', ( #518 ), #801 ) ;
#79 = EDGE_CURVE ( 'NONE', #577, #255, #1030, .T. ) ;
#80 = DIRECTION ( 'NONE',  ( 0.000000000000000000, 0.000000000000000000, 1.000000000000000000 ) ) ;
#81 = EDGE_LOOP ( 'NONE', ( #212, #209, #1297, #135 ) ) ;
#82 = ORIENTED_EDGE ( 'NONE', *, *, #178, .T. ) ;
#83 = DIRECTION ( 'NONE',  ( 0.000000000000000000, -1.000000000000000000, 0.000000000000000000 ) ) ;
#84 = DIRECTION ( 'NONE',  ( 0.000000000000000000, -0.000000000000000000, 1.000000000000000000 ) ) ;
#85 = CARTESIAN_POINT ( 'NONE',  ( 19.76394663246966132, 7.599999999999999645, -16.58392032991267584 ) ) ;
#86 = VERTEX_POINT ( 'NONE', #35 ) ;
#87 = EDGE_CURVE ( 'NONE', #264, #1436, #1152, .T. ) ;
#88 = ORIENTED_EDGE ( 'NONE', *, *, #992, .F. ) ;
#89 =( NAMED_UNIT ( * ) PLANE_ANGLE_UNIT ( ) SI_UNIT ( $, .RADIAN. ) );
#90 = CARTESIAN_POINT ( 'NONE',  ( -15.32088886237959002, -5.000000000000000000, -12.85575219373075484 ) ) ;
#91 = DIRECTION ( 'NONE',  ( 0.000000000000000000, 1.000000000000000000, 0.000000000000000000 ) ) ;
#92 = AXIS2_PLACEMENT_3D ( 'NONE', #1212, #416, #1099 ) ;
#93 = EDGE_LOOP ( 'NONE', ( #376, #1317, #726, #227 ) ) ;
#94 = COLOUR_RGB ( '',0.7921568627450980005, 0.8196078431372548767, 0.9333333333333333481 ) ;
#95 = ORIENTED_EDGE ( 'NONE', *, *, #1380, .F. ) ;
#96 = EDGE_CURVE ( 'NONE', #357, #257, #12, .T. ) ;
#97 = DIRECTION ( 'NONE',  ( 0.000000000000000000, 0.000000000000000000, -1.000000000000000000 ) ) ;
#98 = CIRCLE ( 'NONE', #1376, 22.50000000000000355 ) ;
#99 = AXIS2_PLACEMENT_3D ( 'NONE', #238, #220, #1184 ) ;
#100 = CARTESIAN_POINT ( 'NONE',  ( 0.000000000000000000, 10.00000000000000000, 0.000000000000000000 ) ) ;
#101 = ORIENTED_EDGE ( 'NONE', *, *, #1498, .T. ) ;
#102 = VECTOR ( 'NONE', #1257, 1000.000000000000000 ) ;
#103 = ORIENTED_EDGE ( 'NONE', *, *, #822, .T. ) ;
#104 = CARTESIAN_POINT ( 'NONE',  ( 0.000000000000000000, -3.399999999999999911, 0.000000000000000000 ) ) ;
#105 = ADVANCED_FACE ( 'NONE', ( #52 ), #538, .T. ) ;
#106 = SURFACE_SIDE_STYLE ('',( #826 ) ) ;
#107 = ADVANCED_FACE ( 'NONE', ( #1400 ), #445, .T. ) ;
#108 = CARTESIAN_POINT ( 'NONE',  ( 0.000000000000000000, 3.399999999999999911, 0.000000000000000000 ) ) ;
#109 =( REPRESENTATION_RELATIONSHIP ('NONE','NONE', #1431, #955 ) REPRESENTATION_RELATIONSHIP_WITH_TRANSFORMATION ( #823 )SHAPE_REPRESENTATION_RELATIONSHIP( ) );
#110 = DIRECTION ( 'NONE',  ( 0.000000000000000000, -0.000000000000000000, -1.000000000000000000 ) ) ;
#111 = ORIENTED_EDGE ( 'NONE', *, *, #489, .F. ) ;
#112 = FACE_OUTER_BOUND ( 'NONE', #1274, .T. ) ;
#113 = VECTOR ( 'NONE', #984, 1000.000000000000000 ) ;
#114 = EDGE_CURVE ( 'NONE', #943, #1407, #575, .T. ) ;
#115 = PLANE ( 'NONE',  #477 ) ;
#116 = AXIS2_PLACEMENT_3D ( 'NONE', #165, #1010, #1123 ) ;
#117 = CARTESIAN_POINT ( 'NONE',  ( 0.000000000000000000, -5.000000000000000000, 0.000000000000000000 ) ) ;
#118 = VECTOR ( 'NONE', #1224, 1000.000000000000000 ) ;
#119 = ORIENTED_EDGE ( 'NONE', *, *, #887, .F. ) ;
#120 =( GEOMETRIC_REPRESENTATION_CONTEXT ( 3 ) GLOBAL_UNCERTAINTY_ASSIGNED_CONTEXT ( ( #442 ) ) GLOBAL_UNIT_ASSIGNED_CONTEXT ( ( #187, #62, #1478 ) ) REPRESENTATION_CONTEXT ( 'NONE', 'WORKASPACE' ) );
#121 = FILL_AREA_STYLE ('',( #1195 ) ) ;
#122 = ORIENTED_EDGE ( 'NONE', *, *, #4, .F. ) ;
#123 = FACE_OUTER_BOUND ( 'NONE', #59, .T. ) ;
#124 = EDGE_CURVE ( 'NONE', #1067, #1112, #1277, .T. ) ;
#125 = COLOUR_RGB ( '',0.7921568627450980005, 0.8196078431372548767, 0.9333333333333333481 ) ;
#126 = LINE ( 'NONE', #452, #949 ) ;
#127 = VERTEX_POINT ( 'NONE', #963 ) ;
#128 = PRODUCT_DEFINITION_SHAPE ( 'NONE', 'NONE',  #1553 ) ;
#129 = CARTESIAN_POINT ( 'NONE',  ( -18.70283480880497251, -5.000000000000000000, -18.06111763193388597 ) ) ;
#130 = ORIENTED_EDGE ( 'NONE', *, *, #1103, .T. ) ;
#131 = CARTESIAN_POINT ( 'NONE',  ( 0.000000000000000000, 3.399999999999999911, -29.00000000000000000 ) ) ;
#132 = AXIS2_PLACEMENT_3D ( 'NONE', #807, #921, #888 ) ;
#133 = PRODUCT_DEFINITION_CONTEXT ( 'detailed design', #673, 'design' ) ;
#134 = SPHERICAL_SURFACE ( 'NONE', #355, 3.000000000000000444 ) ;
#135 = ORIENTED_EDGE ( 'NONE', *, *, #1487, .F. ) ;
#136 = EDGE_CURVE ( 'NONE', #1344, #213, #1221, .T. ) ;
#137 = SHAPE_REPRESENTATION_RELATIONSHIP ( 'NONE' , 'NONE' ,  #993, #932 ) ;
#138 = DIRECTION ( 'NONE',  ( 0.000000000000000000, 1.000000000000000000, 0.000000000000000000 ) ) ;
#139 = ORIENTED_EDGE ( 'NONE', *, *, #479, .T. ) ;
#140 = LINE ( 'NONE', #1456, #1093 ) ;
#141 = CARTESIAN_POINT ( 'NONE',  ( 0.000000000000000000, 8.000000000000000000, 0.000000000000000000 ) ) ;
#142 = VERTEX_POINT ( 'NONE', #242 ) ;
#143 = ADVANCED_FACE ( 'NONE', ( #1515, #1079 ), #1305, .F. ) ;
#144 = DIRECTION ( 'NONE',  ( -0.000000000000000000, 1.000000000000000000, -0.000000000000000000 ) ) ;
#145 = TOROIDAL_SURFACE ( 'NONE', #1029, 25.25000000000000000, 2.750000000000000000 ) ;
#146 = EDGE_LOOP ( 'NONE', ( #833, #1397, #1054, #925 ) ) ;
#147 = FACE_OUTER_BOUND ( 'NONE', #391, .T. ) ;
#148 = CARTESIAN_POINT ( 'NONE',  ( -24.24406961627646950, -3.399999999999999911, -8.824119697802174755 ) ) ;
#149 = CIRCLE ( 'NONE', #556, 20.00000000000000000 ) ;
#150 = EDGE_LOOP ( 'NONE', ( #530, #1180, #914, #101, #608, #750 ) ) ;
#151 = AXIS2_PLACEMENT_3D ( 'NONE', #229, #950, #1529 ) ;
#152 = AXIS2_PLACEMENT_3D ( 'NONE', #1475, #772, #785 ) ;
#153 = CYLINDRICAL_SURFACE ( 'NONE', #752, 22.80000000000000426 ) ;
#154 = VERTEX_POINT ( 'NONE', #480 ) ;
#155 = DIRECTION ( 'NONE',  ( 0.7071067811865486830, 0.000000000000000000, -0.7071067811865464625 ) ) ;
#156 = PRODUCT_DEFINITION ( 'UNKNOWN', '', #1509, #783 ) ;
#157 = CARTESIAN_POINT ( 'NONE',  ( 0.000000000000000000, -3.399999999999999911, 0.000000000000000000 ) ) ;
#158 = ORIENTED_EDGE ( 'NONE', *, *, #844, .F. ) ;
#159 =( NAMED_UNIT ( * ) PLANE_ANGLE_UNIT ( ) SI_UNIT ( $, .RADIAN. ) );
#160 = SURFACE_STYLE_USAGE ( .BOTH. , #885 ) ;
#161 = DIRECTION ( 'NONE',  ( 0.000000000000000000, 0.000000000000000000, 1.000000000000000000 ) ) ;
#162 = ORIENTED_EDGE ( 'NONE', *, *, #930, .T. ) ;
#163 = DIRECTION ( 'NONE',  ( -1.000000000000000000, 0.000000000000000000, 0.000000000000000000 ) ) ;
#164 = EDGE_CURVE ( 'NONE', #1230, #1329, #204, .T. ) ;
#165 = CARTESIAN_POINT ( 'NONE',  ( 0.000000000000000000, 5.000000000000000000, 0.000000000000000000 ) ) ;
#166 = EDGE_LOOP ( 'NONE', ( #918, #158, #1164, #248, #824, #983 ) ) ;
#167 = UNCERTAINTY_MEASURE_WITH_UNIT (LENGTH_MEASURE( 1.000000000000000082E-05 ), #1101, 'distance_accuracy_value', 'NONE');
#168 = APPLICATION_PROTOCOL_DEFINITION ( 'draft international standard', 'automotive_design', 1998, #1233 ) ;
#169 = DIRECTION ( 'NONE',  ( -1.000000000000000000, 0.000000000000000000, 0.000000000000000000 ) ) ;
#170 = DIRECTION ( 'NONE',  ( 0.000000000000000000, 0.000000000000000000, 1.000000000000000000 ) ) ;
#171 = VECTOR ( 'NONE', #303, 1000.000000000000114 ) ;
#172 = CARTESIAN_POINT ( 'NONE',  ( 0.000000000000000000, 3.399999999999999911, 25.80000000000000426 ) ) ;
#173 = AXIS2_PLACEMENT_3D ( 'NONE', #47, #430, #75 ) ;
#174 = CARTESIAN_POINT ( 'NONE',  ( 14.14213562373098299, 6.000000000000000000, -14.14213562373093858 ) ) ;
#175 = EDGE_CURVE ( 'NONE', #1429, #1230, #700, .T. ) ;
#176 = ORIENTED_EDGE ( 'NONE', *, *, #87, .T. ) ;
#177 = DIRECTION ( 'NONE',  ( 0.9612616959383144533, -2.138040559839084678E-16, 0.2756373558170151505 ) ) ;
#178 = EDGE_CURVE ( 'NONE', #449, #1162, #900, .T. ) ;
#179 = COLOUR_RGB ( '',0.7921568627450980005, 0.8196078431372548767, 0.9333333333333333481 ) ;
#180 = CARTESIAN_POINT ( 'NONE',  ( 0.000000000000000000, 0.6500000000000000222, 25.25000000000000000 ) ) ;
#181 = CARTESIAN_POINT ( 'NONE',  ( -19.76394663246967554, 7.599999999999999645, -16.58392032991266518 ) ) ;
#182 =( GEOMETRIC_REPRESENTATION_CONTEXT ( 3 ) GLOBAL_UNCERTAINTY_ASSIGNED_CONTEXT ( ( #167 ) ) GLOBAL_UNIT_ASSIGNED_CONTEXT ( ( #1101, #1468, #377 ) ) REPRESENTATION_CONTEXT ( 'NONE', 'WORKASPACE' ) );
#183 = DIRECTION ( 'NONE',  ( 0.7660444431189791237, 0.000000000000000000, -0.6427876096865380307 ) ) ;
#184 = DIRECTION ( 'NONE',  ( 0.000000000000000000, 0.000000000000000000, 1.000000000000000000 ) ) ;
#185 = ORIENTED_EDGE ( 'NONE', *, *, #850, .T. ) ;
#186 = ADVANCED_FACE ( 'NONE', ( #1085 ), #145, .F. ) ;
#187 =( LENGTH_UNIT ( ) NAMED_UNIT ( * ) SI_UNIT ( .MILLI., .METRE. ) );
#188 = DIRECTION ( 'NONE',  ( -0.7660444431189795678, 0.000000000000000000, -0.6427876096865374755 ) ) ;
#189 = CARTESIAN_POINT ( 'NONE',  ( -16.40094744772129332, 8.000000000000000000, -15.83821084646509370 ) ) ;
#190 = CARTESIAN_POINT ( 'NONE',  ( 0.000000000000000000, 3.399999999999999911, 0.000000000000000000 ) ) ;
#191 = ORIENTED_EDGE ( 'NONE', *, *, #822, .F. ) ;
#192 = EDGE_LOOP ( 'NONE', ( #1390, #28, #934, #524, #111, #661 ) ) ;
#193 = AXIS2_PLACEMENT_3D ( 'NONE', #1232, #498, #163 ) ;
#194 = LINE ( 'NONE', #316, #1445 ) ;
#195 = CARTESIAN_POINT ( 'NONE',  ( 0.000000000000000000, 3.399999999999999911, 0.000000000000000000 ) ) ;
#196 = ADVANCED_FACE ( 'NONE', ( #1047 ), #134, .T. ) ;
#197 = VECTOR ( 'NONE', #31, 1000.000000000000000 ) ;
#198 = DIRECTION ( 'NONE',  ( 0.000000000000000000, 0.000000000000000000, 1.000000000000000000 ) ) ;
#199 = AXIS2_PLACEMENT_3D ( 'NONE', #233, #1187, #989 ) ;
#200 = AXIS2_PLACEMENT_3D ( 'NONE', #765, #758, #558 ) ;
#201 = DIRECTION ( 'NONE',  ( -0.000000000000000000, 1.000000000000000000, -0.000000000000000000 ) ) ;
#202 = ORIENTED_EDGE ( 'NONE', *, *, #164, .F. ) ;
#203 = ORIENTED_EDGE ( 'NONE', *, *, #1280, .F. ) ;
#204 = LINE ( 'NONE', #725, #550 ) ;
#205 = DIRECTION ( 'NONE',  ( -0.000000000000000000, -1.000000000000000000, -0.000000000000000000 ) ) ;
#206 = AXIS2_PLACEMENT_3D ( 'NONE', #1342, #272, #250 ) ;
#207 = PLANE ( 'NONE',  #1304 ) ;
#208 =( GEOMETRIC_REPRESENTATION_CONTEXT ( 3 ) GLOBAL_UNCERTAINTY_ASSIGNED_CONTEXT ( ( #235 ) ) GLOBAL_UNIT_ASSIGNED_CONTEXT ( ( #214, #89, #600 ) ) REPRESENTATION_CONTEXT ( 'NONE', 'WORKASPACE' ) );
#209 = ORIENTED_EDGE ( 'NONE', *, *, #33, .T. ) ;
#210 = EDGE_CURVE ( 'NONE', #1194, #1276, #126, .T. ) ;
#211 = LINE ( 'NONE', #1149, #65 ) ;
#212 = ORIENTED_EDGE ( 'NONE', *, *, #23, .T. ) ;
#213 = VERTEX_POINT ( 'NONE', #919 ) ;
#214 =( LENGTH_UNIT ( ) NAMED_UNIT ( * ) SI_UNIT ( .MILLI., .METRE. ) );
#215 = CARTESIAN_POINT ( 'NONE',  ( 0.000000000000000000, 8.000000000000000000, -22.80000000000000426 ) ) ;
#216 = ORIENTED_EDGE ( 'NONE', *, *, #1402, .F. ) ;
#217 = ADVANCED_FACE ( 'NONE', ( #492 ), #831, .T. ) ;
#218 = ITEM_DEFINED_TRANSFORMATION ( 'NONE', 'NONE', #838,  #905 ) ;
#219 = EDGE_LOOP ( 'NONE', ( #663, #1072, #394, #1336 ) ) ;
#220 = DIRECTION ( 'NONE',  ( 0.000000000000000000, 1.000000000000000000, 0.000000000000000000 ) ) ;
#221 = CARTESIAN_POINT ( 'NONE',  ( 0.000000000000000000, 10.00000000000000000, -31.75000000000000000 ) ) ;
#222 = DIRECTION ( 'NONE',  ( 0.000000000000000000, 0.000000000000000000, 1.000000000000000000 ) ) ;
#223 = CIRCLE ( 'NONE', #975, 26.25000000000000355 ) ;
#224 = ORIENTED_EDGE ( 'NONE', *, *, #1487, .T. ) ;
#225 = AXIS2_PLACEMENT_3D ( 'NONE', #354, #1201, #804 ) ;
#226 = EDGE_CURVE ( 'NONE', #1483, #599, #598, .T. ) ;
#227 = ORIENTED_EDGE ( 'NONE', *, *, #503, .F. ) ;
#228 = EDGE_CURVE ( 'NONE', #816, #1067, #1491, .T. ) ;
#229 = CARTESIAN_POINT ( 'NONE',  ( 0.000000000000000000, 3.399999999999999911, 0.000000000000000000 ) ) ;
#230 = LINE ( 'NONE', #720, #409 ) ;
#231 = TOROIDAL_SURFACE ( 'NONE', #1130, 26.25000000000000355, 2.750000000000000000 ) ;
#232 = VECTOR ( 'NONE', #1068, 1000.000000000000000 ) ;
#233 = CARTESIAN_POINT ( 'NONE',  ( 0.000000000000000000, 8.000000000000000000, 0.000000000000000000 ) ) ;
#234 = PRODUCT_DEFINITION_FORMATION_WITH_SPECIFIED_SOURCE ( 'ANY', '', #542, .NOT_KNOWN. ) ;
#235 = UNCERTAINTY_MEASURE_WITH_UNIT (LENGTH_MEASURE( 1.000000000000000082E-05 ), #214, 'distance_accuracy_value', 'NONE');
#236 = CARTESIAN_POINT ( 'NONE',  ( 0.000000000000000000, 3.399999999999999911, 0.000000000000000000 ) ) ;
#237 = ORIENTED_EDGE ( 'NONE', *, *, #1217, .F. ) ;
#238 = CARTESIAN_POINT ( 'NONE',  ( 0.000000000000000000, 3.399999999999999911, 0.000000000000000000 ) ) ;
#239 = EDGE_CURVE ( 'NONE', #511, #1276, #362, .T. ) ;
#240 =( NAMED_UNIT ( * ) PLANE_ANGLE_UNIT ( ) SI_UNIT ( $, .RADIAN. ) );
#241 = FACE_OUTER_BOUND ( 'NONE', #862, .T. ) ;
#242 = CARTESIAN_POINT ( 'NONE',  ( 16.63371665418037537, -0.6500000000000000222, -23.75540928438073962 ) ) ;
#243 = VERTEX_POINT ( 'NONE', #487 ) ;
#244 = ADVANCED_FACE ( 'NONE', ( #368 ), #629, .T. ) ;
#245 = CARTESIAN_POINT ( 'NONE',  ( -24.24406961627646950, -5.000000000000000000, -8.824119697802181861 ) ) ;
#246 = DIRECTION ( 'NONE',  ( -0.7071067811865485719, 0.000000000000000000, 0.7071067811865465735 ) ) ;
#247 = AXIS2_PLACEMENT_3D ( 'NONE', #846, #1084, #1439 ) ;
#248 = ORIENTED_EDGE ( 'NONE', *, *, #228, .T. ) ;
#249 = SHAPE_REPRESENTATION_RELATIONSHIP ( 'NONE' , 'NONE' ,  #892, #1430 ) ;
#250 = DIRECTION ( 'NONE',  ( 0.9396926207859093161, 0.000000000000000000, -0.3420201433256663814 ) ) ;
#251 = CARTESIAN_POINT ( 'NONE',  ( 19.76394663246966132, -5.000000000000000000, -16.58392032991267584 ) ) ;
#252 = EDGE_CURVE ( 'NONE', #313, #1239, #408, .T. ) ;
#253 = CARTESIAN_POINT ( 'NONE',  ( 0.000000000000000000, 0.6500000000000000222, 0.000000000000000000 ) ) ;
#254 = AXIS2_PLACEMENT_3D ( 'NONE', #53, #205, #894 ) ;
#255 = VERTEX_POINT ( 'NONE', #516 ) ;
#256 = CARTESIAN_POINT ( 'NONE',  ( 0.000000000000000000, 0.6500000000000000222, 0.000000000000000000 ) ) ;
#257 = VERTEX_POINT ( 'NONE', #883 ) ;
#258 = DIRECTION ( 'NONE',  ( 0.000000000000000000, 0.000000000000000000, 1.000000000000000000 ) ) ;
#259 = DIRECTION ( 'NONE',  ( 0.7193398003386530792, 0.000000000000000000, 0.6946583704589953667 ) ) ;
#260 = EDGE_CURVE ( 'NONE', #633, #1162, #636, .T. ) ;
#261 = ORIENTED_EDGE ( 'NONE', *, *, #582, .F. ) ;
#262 =( NAMED_UNIT ( * ) PLANE_ANGLE_UNIT ( ) SI_UNIT ( $, .RADIAN. ) );
#263 = CARTESIAN_POINT ( 'NONE',  ( 0.000000000000000000, 3.399999999999999911, 0.000000000000000000 ) ) ;
#264 = VERTEX_POINT ( 'NONE', #740 ) ;
#265 = DIRECTION ( 'NONE',  ( 0.000000000000000000, 0.000000000000000000, -1.000000000000000000 ) ) ;
#266 = DIRECTION ( 'NONE',  ( -0.7193398003386530792, 0.000000000000000000, -0.6946583704589953667 ) ) ;
#267 = VECTOR ( 'NONE', #1392, 1000.000000000000000 ) ;
#268 = VERTEX_POINT ( 'NONE', #286 ) ;
#269 = CIRCLE ( 'NONE', #1368, 25.80000000000000426 ) ;
#270 = PRESENTATION_LAYER_ASSIGNMENT (  '', '', ( #1003 ) ) ;
#271 = EDGE_CURVE ( 'NONE', #816, #760, #924, .T. ) ;
#272 = DIRECTION ( 'NONE',  ( 0.3420201433256663814, 0.000000000000000000, 0.9396926207859093161 ) ) ;
#273 = ORIENTED_EDGE ( 'NONE', *, *, #421, .F. ) ;
#274 = PRODUCT_DEFINITION_SHAPE ( 'NONE', 'NONE',  #1556 ) ;
#275 = CARTESIAN_POINT ( 'NONE',  ( 0.000000000000000000, -10.00000000000000000, 0.000000000000000000 ) ) ;
#276 = CARTESIAN_POINT ( 'NONE',  ( 0.000000000000000000, 10.00000000000000000, 0.000000000000000000 ) ) ;
#277 = AXIS2_PLACEMENT_3D ( 'NONE', #263, #138, #854 ) ;
#278 = ORIENTED_EDGE ( 'NONE', *, *, #688, .T. ) ;
#279 = AXIS2_PLACEMENT_3D ( 'NONE', #1056, #358, #453 ) ;
#280 = SHAPE_DEFINITION_REPRESENTATION ( #781, #1431 ) ;
#281 = CYLINDRICAL_SURFACE ( 'NONE', #1198, 20.00000000000000000 ) ;
#282 = CARTESIAN_POINT ( 'NONE',  ( 5.575293782951266727E-15, 0.000000000000000000, -6.644376395600370443E-15 ) ) ;
#283 = EDGE_CURVE ( 'NONE', #809, #257, #16, .T. ) ;
#284 = ORIENTED_EDGE ( 'NONE', *, *, #413, .F. ) ;
#285 = DIRECTION ( 'NONE',  ( 0.000000000000000000, 0.000000000000000000, 1.000000000000000000 ) ) ;
#286 = CARTESIAN_POINT ( 'NONE',  ( -16.40094744772129332, 8.000000000000000000, -15.83821084646509370 ) ) ;
#287 = ORIENTED_EDGE ( 'NONE', *, *, #443, .T. ) ;
#288 = PRODUCT_CONTEXT ( 'NONE', #619, 'mechanical' ) ;
#289 = CARTESIAN_POINT ( 'NONE',  ( 24.24406961627645529, 3.399999999999999467, -8.824119697802188966 ) ) ;
#290 = CARTESIAN_POINT ( 'NONE',  ( 0.000000000000000000, 0.6500000000000000222, -29.00000000000000000 ) ) ;
#291 = ADVANCED_FACE ( 'NONE', ( #1002 ), #990, .F. ) ;
#292 = CARTESIAN_POINT ( 'NONE',  ( -15.05638145421500163, -3.400000000000000355, -21.50274116258600543 ) ) ;
#293 =( REPRESENTATION_RELATIONSHIP ('NONE','NONE', #1431, #955 ) REPRESENTATION_RELATIONSHIP_WITH_TRANSFORMATION ( #321 )SHAPE_REPRESENTATION_RELATIONSHIP( ) );
#294 = DIRECTION ( 'NONE',  ( 0.000000000000000000, 1.000000000000000000, -0.000000000000000000 ) ) ;
#295 = ORIENTED_EDGE ( 'NONE', *, *, #907, .T. ) ;
#296 = UNCERTAINTY_MEASURE_WITH_UNIT (LENGTH_MEASURE( 1.000000000000000082E-05 ), #994, 'distance_accuracy_value', 'NONE');
#297 =( NAMED_UNIT ( * ) SI_UNIT ( $, .STERADIAN. ) SOLID_ANGLE_UNIT ( ) );
#298 = DIRECTION ( 'NONE',  ( 0.000000000000000000, 0.000000000000000000, 1.000000000000000000 ) ) ;
#299 = CARTESIAN_POINT ( 'NONE',  ( -16.63371665418038248, -0.6500000000000000222, -23.75540928438073252 ) ) ;
#300 = VECTOR ( 'NONE', #590, 1000.000000000000000 ) ;
#301 = AXIS2_PLACEMENT_3D ( 'NONE', #324, #1207, #847 ) ;
#302 = DIRECTION ( 'NONE',  ( 0.000000000000000000, 1.000000000000000000, -0.000000000000000000 ) ) ;
#303 = DIRECTION ( 'NONE',  ( 0.9396926207859093161, 0.000000000000000000, -0.3420201433256662704 ) ) ;
#304 = ORIENTED_EDGE ( 'NONE', *, *, #462, .T. ) ;
#305 = EDGE_CURVE ( 'NONE', #213, #655, #1121, .T. ) ;
#306 = DIRECTION ( 'NONE',  ( 1.000000000000000000, 0.000000000000000000, 0.000000000000000000 ) ) ;
#307 = CIRCLE ( 'NONE', #903, 31.75000000000000000 ) ;
#308 = CIRCLE ( 'NONE', #254, 22.50000000000000355 ) ;
#309 = CARTESIAN_POINT ( 'NONE',  ( -17.77223108036032428, 7.599999999999999645, -14.91267254472766624 ) ) ;
#310 = DIRECTION ( 'NONE',  ( 0.000000000000000000, 0.000000000000000000, 1.000000000000000000 ) ) ;
#311 = CARTESIAN_POINT ( 'NONE',  ( 0.000000000000000000, -3.399999999999999911, 0.000000000000000000 ) ) ;
#312 = DIRECTION ( 'NONE',  ( 0.000000000000000000, 0.000000000000000000, -1.000000000000000000 ) ) ;
#313 = VERTEX_POINT ( 'NONE', #1243 ) ;
#314 = EDGE_CURVE ( 'NONE', #655, #1004, #223, .T. ) ;
#315 = ORIENTED_EDGE ( 'NONE', *, *, #1012, .F. ) ;
#316 = CARTESIAN_POINT ( 'NONE',  ( -14.38679600677306425, 10.00000000000000000, -13.89316740917992199 ) ) ;
#317 = CARTESIAN_POINT ( 'NONE',  ( -15.05638145421500163, 3.400000000000000355, -21.50274116258600543 ) ) ;
#318 = CARTESIAN_POINT ( 'NONE',  ( 8.526013689735038187E-15, 0.000000000000000000, 5.969979056431667569E-15 ) ) ;
#319 = DIRECTION ( 'NONE',  ( -0.5735764363510476027, 0.000000000000000000, -0.8191520442889907994 ) ) ;
#320 = ORIENTED_EDGE ( 'NONE', *, *, #1383, .T. ) ;
#321 = ITEM_DEFINED_TRANSFORMATION ( 'NONE', 'NONE', #1163,  #905 ) ;
#322 = ORIENTED_EDGE ( 'NONE', *, *, #944, .F. ) ;
#323 = CIRCLE ( 'NONE', #1543, 2.750000000000001776 ) ;
#324 = CARTESIAN_POINT ( 'NONE',  ( 0.000000000000000000, 0.6500000000000000222, 0.000000000000000000 ) ) ;
#325 = CYLINDRICAL_SURFACE ( 'NONE', #1082, 29.00000000000000000 ) ;
#326 = PRODUCT_RELATED_PRODUCT_CATEGORY ( 'part', '', ( #542 ) ) ;
#327 = DIRECTION ( 'NONE',  ( -0.8191520442889907994, -0.000000000000000000, 0.5735764363510476027 ) ) ;
#328 = AXIS2_PLACEMENT_3D ( 'NONE', #864, #397, #522 ) ;
#329 = VECTOR ( 'NONE', #1358, 1000.000000000000000 ) ;
#330 = CARTESIAN_POINT ( 'NONE',  ( 15.05638145421499274, 3.400000000000000355, -21.50274116258601609 ) ) ;
#331 = ORIENTED_EDGE ( 'NONE', *, *, #1269, .T. ) ;
#332 = VERTEX_POINT ( 'NONE', #174 ) ;
#333 = CARTESIAN_POINT ( 'NONE',  ( 0.000000000000000000, 10.00000000000000000, 0.000000000000000000 ) ) ;
#334 = STYLED_ITEM ( 'NONE', ( #1531 ), #1119 ) ;
#335 = VECTOR ( 'NONE', #188, 1000.000000000000114 ) ;
#336 = LINE ( 'NONE', #1161, #37 ) ;
#337 = VERTEX_POINT ( 'NONE', #755 ) ;
#338 = ORIENTED_EDGE ( 'NONE', *, *, #634, .F. ) ;
#339 = DIRECTION ( 'NONE',  ( -0.000000000000000000, -1.000000000000000000, -0.000000000000000000 ) ) ;
#340 = ORIENTED_EDGE ( 'NONE', *, *, #380, .T. ) ;
#341 = EDGE_CURVE ( 'NONE', #268, #1429, #1458, .T. ) ;
#342 = CIRCLE ( 'NONE', #56, 2.749999999999999556 ) ;
#343 = CARTESIAN_POINT ( 'NONE',  ( 17.77223108036034205, 7.599999999999999645, -14.91267254472769999 ) ) ;
#344 = ORIENTED_EDGE ( 'NONE', *, *, #114, .T. ) ;
#345 = ITEM_DEFINED_TRANSFORMATION ( 'NONE', 'NONE', #605,  #905 ) ;
#346 = ORIENTED_EDGE ( 'NONE', *, *, #79, .T. ) ;
#347 = DIRECTION ( 'NONE',  ( 0.000000000000000000, 0.000000000000000000, 1.000000000000000000 ) ) ;
#348 = VECTOR ( 'NONE', #1222, 1000.000000000000000 ) ;
#349 = FILL_AREA_STYLE_COLOUR ( '', #179 ) ;
#350 = AXIS2_PLACEMENT_3D ( 'NONE', #808, #1405, #80 ) ;
#351 = LINE ( 'NONE', #245, #375 ) ;
#352 = AXIS2_PLACEMENT_3D ( 'NONE', #544, #933, #312 ) ;
#353 = VERTEX_POINT ( 'NONE', #8 ) ;
#354 = CARTESIAN_POINT ( 'NONE',  ( 0.000000000000000000, 6.000000000000000000, 0.000000000000000000 ) ) ;
#355 = AXIS2_PLACEMENT_3D ( 'NONE', #1316, #1435, #1522 ) ;
#356 = EDGE_CURVE ( 'NONE', #213, #142, #1074, .T. ) ;
#357 = VERTEX_POINT ( 'NONE', #148 ) ;
#358 = DIRECTION ( 'NONE',  ( 0.000000000000000000, -1.000000000000000000, 0.000000000000000000 ) ) ;
#359 = AXIS2_PLACEMENT_3D ( 'NONE', #939, #470, #1287 ) ;
#360 = DIRECTION ( 'NONE',  ( 0.5735764363510480468, 0.000000000000000000, 0.8191520442889905773 ) ) ;
#361 = STYLED_ITEM ( 'NONE', ( #1326 ), #932 ) ;
#362 = LINE ( 'NONE', #1311, #1341 ) ;
#363 = ORIENTED_EDGE ( 'NONE', *, *, #283, .F. ) ;
#364 = EDGE_CURVE ( 'NONE', #870, #493, #1108, .T. ) ;
#365 = FILL_AREA_STYLE ('',( #1432 ) ) ;
#366 = CARTESIAN_POINT ( 'NONE',  ( -15.32088886237959002, 5.000000000000000000, -12.85575219373075484 ) ) ;
#367 = FACE_OUTER_BOUND ( 'NONE', #906, .T. ) ;
#368 = FACE_OUTER_BOUND ( 'NONE', #71, .T. ) ;
#369 = ORIENTED_EDGE ( 'NONE', *, *, #164, .T. ) ;
#370 = CARTESIAN_POINT ( 'NONE',  ( 0.000000000000000000, 0.000000000000000000, 0.000000000000000000 ) ) ;
#371 = CARTESIAN_POINT ( 'NONE',  ( 18.38477631085026687, 4.999999999999999112, -18.38477631085020647 ) ) ;
#372 = ADVANCED_FACE ( 'NONE', ( #1464 ), #1362, .T. ) ;
#373 = CARTESIAN_POINT ( 'NONE',  ( 15.32088886237959002, 5.000000000000000000, -12.85575219373075839 ) ) ;
#374 = DIRECTION ( 'NONE',  ( 0.000000000000000000, -1.000000000000000000, 0.000000000000000000 ) ) ;
#375 = VECTOR ( 'NONE', #701, 1000.000000000000000 ) ;
#376 = ORIENTED_EDGE ( 'NONE', *, *, #607, .T. ) ;
#377 =( NAMED_UNIT ( * ) SI_UNIT ( $, .STERADIAN. ) SOLID_ANGLE_UNIT ( ) );
#378 = CARTESIAN_POINT ( 'NONE',  ( 17.77223108036034205, 7.599999999999999645, -14.91267254472769999 ) ) ;
#379 = VERTEX_POINT ( 'NONE', #1450 ) ;
#380 = EDGE_CURVE ( 'NONE', #1109, #511, #646, .T. ) ;
#381 = FACE_OUTER_BOUND ( 'NONE', #1176, .T. ) ;
#382 = VECTOR ( 'NONE', #1095, 1000.000000000000000 ) ;
#383 = DIRECTION ( 'NONE',  ( 0.000000000000000000, 0.000000000000000000, -1.000000000000000000 ) ) ;
#384 = CIRCLE ( 'NONE', #1283, 2.750000000000000444 ) ;
#385 = ORIENTED_EDGE ( 'NONE', *, *, #1498, .F. ) ;
#386 = CARTESIAN_POINT ( 'NONE',  ( 19.76394663246966132, -5.000000000000000000, -16.58392032991267584 ) ) ;
#387 = ORIENTED_EDGE ( 'NONE', *, *, #1537, .T. ) ;
#388 = FACE_OUTER_BOUND ( 'NONE', #991, .T. ) ;
#389 = ADVANCED_FACE ( 'NONE', ( #769 ), #873, .F. ) ;
#390 = CARTESIAN_POINT ( 'NONE',  ( 0.000000000000000000, 10.00000000000000000, 0.000000000000000000 ) ) ;
#391 = EDGE_LOOP ( 'NONE', ( #500, #579, #417, #14 ) ) ;
#392 = ADVANCED_FACE ( 'NONE', ( #1091 ), #745, .F. ) ;
#393 = DIRECTION ( 'NONE',  ( 0.000000000000000000, 0.000000000000000000, 1.000000000000000000 ) ) ;
#394 = ORIENTED_EDGE ( 'NONE', *, *, #1280, .T. ) ;
#395 = DIRECTION ( 'NONE',  ( -0.7660444431189795678, 0.000000000000000000, -0.6427876096865374755 ) ) ;
#396 = AXIS2_PLACEMENT_3D ( 'NONE', #7, #1106, #258 ) ;
#397 = DIRECTION ( 'NONE',  ( 0.000000000000000000, 1.000000000000000000, 0.000000000000000000 ) ) ;
#398 = EDGE_LOOP ( 'NONE', ( #694, #923 ) ) ;
#399 = AXIS2_PLACEMENT_3D ( 'NONE', #55, #1138, #789 ) ;
#400 = CIRCLE ( 'NONE', #1026, 31.75000000000000000 ) ;
#401 = EDGE_CURVE ( 'NONE', #586, #809, #851, .T. ) ;
#402 = SURFACE_STYLE_FILL_AREA ( #121 ) ;
#403 = CLOSED_SHELL ( 'NONE', ( #1446, #1177, #372, #1022, #105, #186, #1361, #392, #41, #217, #495, #1191, #1005, #865, #1252, #656, #507 ) ) ;
#404 = CARTESIAN_POINT ( 'NONE',  ( 7.230241098114078439E-15, 6.000000000000000000, -7.487133833111584475E-15 ) ) ;
#405 = PLANE ( 'NONE',  #206 ) ;
#406 = ORIENTED_EDGE ( 'NONE', *, *, #1288, .F. ) ;
#407 = DIRECTION ( 'NONE',  ( 0.3420201433256656598, 0.000000000000000000, -0.9396926207859095381 ) ) ;
#408 = LINE ( 'NONE', #529, #1545 ) ;
#409 = VECTOR ( 'NONE', #455, 1000.000000000000000 ) ;
#410 = ORIENTED_EDGE ( 'NONE', *, *, #271, .F. ) ;
#411 = PRESENTATION_LAYER_ASSIGNMENT (  '', '', ( #361 ) ) ;
#412 = APPLICATION_PROTOCOL_DEFINITION ( 'draft international standard', 'automotive_design', 1998, #619 ) ;
#413 = EDGE_CURVE ( 'NONE', #86, #1089, #1510, .T. ) ;
#414 = CARTESIAN_POINT ( 'NONE',  ( 0.000000000000000000, 7.599999999999999645, 25.80000000000000426 ) ) ;
#415 = PLANE ( 'NONE',  #396 ) ;
#416 = DIRECTION ( 'NONE',  ( -1.000000000000000000, -0.000000000000000000, -0.000000000000000000 ) ) ;
#417 = ORIENTED_EDGE ( 'NONE', *, *, #1241, .F. ) ;
#418 = SHAPE_REPRESENTATION_RELATIONSHIP ( 'NONE' , 'NONE' ,  #955, #801 ) ;
#419 = CARTESIAN_POINT ( 'NONE',  ( 15.05638145421499452, -0.6500000000000000222, -21.50274116258601964 ) ) ;
#420 = DIRECTION ( 'NONE',  ( 0.000000000000000000, -1.000000000000000000, 0.000000000000000000 ) ) ;
#421 = EDGE_CURVE ( 'NONE', #696, #1321, #400, .T. ) ;
#422 = DIRECTION ( 'NONE',  ( 0.000000000000000000, 0.000000000000000000, 1.000000000000000000 ) ) ;
#423 = ORIENTED_EDGE ( 'NONE', *, *, #597, .T. ) ;
#424 = UNCERTAINTY_MEASURE_WITH_UNIT (LENGTH_MEASURE( 1.000000000000000082E-05 ), #1364, 'distance_accuracy_value', 'NONE');
#425 = APPLICATION_PROTOCOL_DEFINITION ( 'draft international standard', 'automotive_design', 1998, #1440 ) ;
#426 = DIRECTION ( 'NONE',  ( -0.000000000000000000, -1.000000000000000000, -0.000000000000000000 ) ) ;
#427 = CARTESIAN_POINT ( 'NONE',  ( 0.000000000000000000, 0.6500000000000000222, 22.50000000000000355 ) ) ;
#428 = AXIS2_PLACEMENT_3D ( 'NONE', #678, #1139, #778 ) ;
#429 = CIRCLE ( 'NONE', #953, 2.750000000000000000 ) ;
#430 = DIRECTION ( 'NONE',  ( -0.8191520442889907994, -0.000000000000000000, 0.5735764363510476027 ) ) ;
#431 = EDGE_CURVE ( 'NONE', #562, #702, #1395, .T. ) ;
#432 = DIRECTION ( 'NONE',  ( 0.000000000000000000, 0.000000000000000000, 1.000000000000000000 ) ) ;
#433 = ORIENTED_EDGE ( 'NONE', *, *, #607, .F. ) ;
#434 = CIRCLE ( 'NONE', #277, 25.80000000000000426 ) ;
#435 = ORIENTED_EDGE ( 'NONE', *, *, #664, .T. ) ;
#436 = CARTESIAN_POINT ( 'NONE',  ( -23.72723867484421589, 0.6500000000000000222, -8.636008618973059825 ) ) ;
#437 = DIRECTION ( 'NONE',  ( 0.000000000000000000, 1.000000000000000000, 0.000000000000000000 ) ) ;
#438 = AXIS2_PLACEMENT_3D ( 'NONE', #70, #555, #50 ) ;
#439 = CARTESIAN_POINT ( 'NONE',  ( 15.32088886237959002, -5.000000000000000000, -12.85575219373075839 ) ) ;
#440 = FACE_OUTER_BOUND ( 'NONE', #770, .T. ) ;
#441 = ORIENTED_EDGE ( 'NONE', *, *, #858, .F. ) ;
#442 = UNCERTAINTY_MEASURE_WITH_UNIT (LENGTH_MEASURE( 1.000000000000000082E-05 ), #187, 'distance_accuracy_value', 'NONE');
#443 = EDGE_CURVE ( 'NONE', #988, #747, #721, .T. ) ;
#444 = ORIENTED_EDGE ( 'NONE', *, *, #4, .T. ) ;
#445 = PLANE ( 'NONE',  #929 ) ;
#446 = DIRECTION ( 'NONE',  ( 0.000000000000000000, 1.000000000000000000, 0.000000000000000000 ) ) ;
#447 = DIRECTION ( 'NONE',  ( 0.000000000000000000, 0.000000000000000000, 1.000000000000000000 ) ) ;
#448 = CARTESIAN_POINT ( 'NONE',  ( 0.000000000000000000, 3.399999999999999911, 0.000000000000000000 ) ) ;
#449 = VERTEX_POINT ( 'NONE', #57 ) ;
#450 = ORIENTED_EDGE ( 'NONE', *, *, #1520, .F. ) ;
#451 = EDGE_CURVE ( 'NONE', #633, #1329, #1273, .T. ) ;
#452 = CARTESIAN_POINT ( 'NONE',  ( 0.000000000000000000, -10.00000000000000000, 0.000000000000000000 ) ) ;
#453 = DIRECTION ( 'NONE',  ( 0.000000000000000000, 0.000000000000000000, -1.000000000000000000 ) ) ;
#454 = AXIS2_PLACEMENT_3D ( 'NONE', #1473, #985, #1482 ) ;
#455 = DIRECTION ( 'NONE',  ( -0.000000000000000000, 1.000000000000000000, -0.000000000000000000 ) ) ;
#456 = AXIS2_PLACEMENT_3D ( 'NONE', #977, #1234, #653 ) ;
#457 = DIRECTION ( 'NONE',  ( -0.000000000000000000, 1.000000000000000000, -0.000000000000000000 ) ) ;
#458 = ORIENTED_EDGE ( 'NONE', *, *, #175, .F. ) ;
#459 = UNCERTAINTY_MEASURE_WITH_UNIT (LENGTH_MEASURE( 1.000000000000000082E-05 ), #736, 'distance_accuracy_value', 'NONE');
#460 = CONTEXT_DEPENDENT_SHAPE_REPRESENTATION ( #1158, #719 ) ;
#461 = ORIENTED_EDGE ( 'NONE', *, *, #779, .F. ) ;
#462 = EDGE_CURVE ( 'NONE', #1291, #337, #525, .T. ) ;
#463 = CIRCLE ( 'NONE', #627, 20.00000000000001421 ) ;
#464 = AXIS2_PLACEMENT_3D ( 'NONE', #1171, #825, #97 ) ;
#465 = ADVANCED_FACE ( 'NONE', ( #440 ), #771, .F. ) ;
#466 = CARTESIAN_POINT ( 'NONE',  ( 8.526013689735030298E-15, 0.000000000000000000, -5.969979056431679402E-15 ) ) ;
#467 = ORIENTED_EDGE ( 'NONE', *, *, #1537, .F. ) ;
#468 = ORIENTED_EDGE ( 'NONE', *, *, #762, .T. ) ;
#469 = SURFACE_STYLE_FILL_AREA ( #365 ) ;
#470 = DIRECTION ( 'NONE',  ( -0.000000000000000000, -1.000000000000000000, -0.000000000000000000 ) ) ;
#471 = EDGE_CURVE ( 'NONE', #1483, #264, #1443, .T. ) ;
#472 = FACE_OUTER_BOUND ( 'NONE', #1539, .T. ) ;
#473 = ORIENTED_EDGE ( 'NONE', *, *, #401, .F. ) ;
#474 = ORIENTED_EDGE ( 'NONE', *, *, #1241, .T. ) ;
#475 = CARTESIAN_POINT ( 'NONE',  ( -23.72723867484421234, 3.399999999999999911, -8.636008618973061601 ) ) ;
#476 = CARTESIAN_POINT ( 'NONE',  ( 0.000000000000000000, -3.399999999999999911, 0.000000000000000000 ) ) ;
#477 = AXIS2_PLACEMENT_3D ( 'NONE', #466, #604, #360 ) ;
#478 = LINE ( 'NONE', #100, #300 ) ;
#479 = EDGE_CURVE ( 'NONE', #884, #1384, #336, .T. ) ;
#480 = CARTESIAN_POINT ( 'NONE',  ( 0.000000000000000000, 6.000000000000000000, -20.00000000000001421 ) ) ;
#481 = ORIENTED_EDGE ( 'NONE', *, *, #597, .F. ) ;
#482 = DIRECTION ( 'NONE',  ( -0.3420201433256663259, -0.000000000000000000, -0.9396926207859094271 ) ) ;
#483 = VECTOR ( 'NONE', #1021, 1000.000000000000000 ) ;
#484 = COLOUR_RGB ( '',0.7921568627450980005, 0.8196078431372548767, 0.9333333333333333481 ) ;
#485 = DIRECTION ( 'NONE',  ( -0.7660444431189791237, 0.000000000000000000, 0.6427876096865379196 ) ) ;
#486 = MECHANICAL_DESIGN_GEOMETRIC_PRESENTATION_REPRESENTATION (  '', ( #78 ), #1480 ) ;
#487 = CARTESIAN_POINT ( 'NONE',  ( 15.05638145421499274, -3.400000000000000355, -21.50274116258601609 ) ) ;
#488 = ORIENTED_EDGE ( 'NONE', *, *, #462, .F. ) ;
#489 = EDGE_CURVE ( 'NONE', #1039, #18, #269, .T. ) ;
#490 = DIRECTION ( 'NONE',  ( -0.000000000000000000, 1.000000000000000000, -0.000000000000000000 ) ) ;
#491 = DIRECTION ( 'NONE',  ( 0.000000000000000000, 0.000000000000000000, 1.000000000000000000 ) ) ;
#492 = FACE_OUTER_BOUND ( 'NONE', #671, .T. ) ;
#493 = VERTEX_POINT ( 'NONE', #330 ) ;
#494 = FILL_AREA_STYLE_COLOUR ( '', #484 ) ;
#495 = ADVANCED_FACE ( 'NONE', ( #1132 ), #1489, .T. ) ;
#496 = DIRECTION ( 'NONE',  ( -0.000000000000000000, -1.000000000000000000, 0.000000000000000000 ) ) ;
#497 = ORIENTED_EDGE ( 'NONE', *, *, #895, .T. ) ;
#498 = DIRECTION ( 'NONE',  ( 0.000000000000000000, -1.000000000000000000, 0.000000000000000000 ) ) ;
#499 = AXIS2_PLACEMENT_3D ( 'NONE', #1058, #852, #1532 ) ;
#500 = ORIENTED_EDGE ( 'NONE', *, *, #356, .F. ) ;
#501 = AXIS2_PLACEMENT_3D ( 'NONE', #1441, #927, #717 ) ;
#502 = CARTESIAN_POINT ( 'NONE',  ( 0.000000000000000000, -10.00000000000000000, 0.000000000000000000 ) ) ;
#503 = EDGE_CURVE ( 'NONE', #1514, #332, #797, .T. ) ;
#504 = ORIENTED_EDGE ( 'NONE', *, *, #992, .T. ) ;
#505 = LINE ( 'NONE', #131, #348 ) ;
#506 = AXIS2_PLACEMENT_3D ( 'NONE', #256, #1438, #161 ) ;
#507 = ADVANCED_FACE ( 'NONE', ( #1272 ), #814, .T. ) ;
#508 = CIRCLE ( 'NONE', #1258, 26.00000000000000355 ) ;
#509 = CARTESIAN_POINT ( 'NONE',  ( 0.000000000000000000, -5.000000000000000000, 25.80000000000000426 ) ) ;
#510 =( GEOMETRIC_REPRESENTATION_CONTEXT ( 3 ) GLOBAL_UNCERTAINTY_ASSIGNED_CONTEXT ( ( #424 ) ) GLOBAL_UNIT_ASSIGNED_CONTEXT ( ( #1364, #1038, #297 ) ) REPRESENTATION_CONTEXT ( 'NONE', 'WORKASPACE' ) );
#511 = VERTEX_POINT ( 'NONE', #1043 ) ;
#512 =( NAMED_UNIT ( * ) SI_UNIT ( $, .STERADIAN. ) SOLID_ANGLE_UNIT ( ) );
#513 = DIRECTION ( 'NONE',  ( -0.000000000000000000, -1.000000000000000000, -0.000000000000000000 ) ) ;
#514 = ORIENTED_EDGE ( 'NONE', *, *, #431, .T. ) ;
#515 = EDGE_CURVE ( 'NONE', #127, #18, #1518, .T. ) ;
#516 = CARTESIAN_POINT ( 'NONE',  ( 18.38477631085026687, -5.000000000000000000, -18.38477631085020647 ) ) ;
#517 = ORIENTED_EDGE ( 'NONE', *, *, #175, .T. ) ;
#518 = PRESENTATION_STYLE_ASSIGNMENT (( #609 ) ) ;
#519 = DIRECTION ( 'NONE',  ( 0.000000000000000000, 1.000000000000000000, 0.000000000000000000 ) ) ;
#520 = ORIENTED_EDGE ( 'NONE', *, *, #1465, .F. ) ;
#521 = CARTESIAN_POINT ( 'NONE',  ( 2.966551859419921897E-15, 0.000000000000000000, -8.150534247397444096E-15 ) ) ;
#522 = DIRECTION ( 'NONE',  ( 0.000000000000000000, -0.000000000000000000, 1.000000000000000000 ) ) ;
#523 = EDGE_CURVE ( 'NONE', #1347, #936, #548, .T. ) ;
#524 = ORIENTED_EDGE ( 'NONE', *, *, #515, .T. ) ;
#525 = CIRCLE ( 'NONE', #1024, 20.00000000000001421 ) ;
#526 = DIRECTION ( 'NONE',  ( -0.8577377043983007709, 1.293799679069325470E-15, 0.5140875708024198465 ) ) ;
#527 = DIRECTION ( 'NONE',  ( -0.000000000000000000, -1.000000000000000000, -0.000000000000000000 ) ) ;
#528 = DIRECTION ( 'NONE',  ( -0.9396926207859095381, 0.000000000000000000, -0.3420201433256656598 ) ) ;
#529 = CARTESIAN_POINT ( 'NONE',  ( 0.000000000000000000, -5.000000000000000000, 0.000000000000000000 ) ) ;
#530 = ORIENTED_EDGE ( 'NONE', *, *, #13, .T. ) ;
#531 = UNCERTAINTY_MEASURE_WITH_UNIT (LENGTH_MEASURE( 1.000000000000000082E-05 ), #1334, 'distance_accuracy_value', 'NONE');
#532 = CIRCLE ( 'NONE', #1428, 3.000000000000000444 ) ;
#533 = CARTESIAN_POINT ( 'NONE',  ( -18.73051217639693533, -0.3999999999999935274, -17.88792647597388452 ) ) ;
#534 = DIRECTION ( 'NONE',  ( 0.000000000000000000, 0.000000000000000000, -1.000000000000000000 ) ) ;
#535 = CARTESIAN_POINT ( 'NONE',  ( 0.000000000000000000, -10.00000000000000000, -31.75000000000000000 ) ) ;
#536 = DIRECTION ( 'NONE',  ( -0.000000000000000000, -1.000000000000000000, -0.000000000000000000 ) ) ;
#537 = ORIENTED_EDGE ( 'NONE', *, *, #1160, .T. ) ;
#538 = CYLINDRICAL_SURFACE ( 'NONE', #1250, 22.50000000000000355 ) ;
#539 = CARTESIAN_POINT ( 'NONE',  ( -19.76394663246967554, -5.000000000000000000, -16.58392032991267584 ) ) ;
#540 = EDGE_CURVE ( 'NONE', #1039, #1389, #211, .T. ) ;
#541 = CARTESIAN_POINT ( 'NONE',  ( -1.836970198721030181E-16, 0.000000000000000000, 3.000000000000000444 ) ) ;
#542 = PRODUCT ( 'Bearing Ball', 'Bearing Ball', '', ( #792 ) ) ;
#543 = AXIS2_PLACEMENT_3D ( 'NONE', #871, #1345, #1354 ) ;
#544 = CARTESIAN_POINT ( 'NONE',  ( 0.000000000000000000, 8.000000000000000000, 0.000000000000000000 ) ) ;
#545 = EDGE_LOOP ( 'NONE', ( #385, #1511, #942, #974, #287 ) ) ;
#546 = PRODUCT_CONTEXT ( 'NONE', #1233, 'mechanical' ) ;
#547 = ORIENTED_EDGE ( 'NONE', *, *, #1012, .T. ) ;
#548 = CIRCLE ( 'NONE', #1495, 3.000000000000000444 ) ;
#549 = CARTESIAN_POINT ( 'NONE',  ( -17.77223108036032428, 7.599999999999999645, -14.91267254472766624 ) ) ;
#550 = VECTOR ( 'NONE', #246, 1000.000000000000000 ) ;
#551 = EDGE_CURVE ( 'NONE', #379, #332, #553, .T. ) ;
#552 = DIRECTION ( 'NONE',  ( 0.000000000000000000, 1.000000000000000000, 0.000000000000000000 ) ) ;
#553 = LINE ( 'NONE', #689, #1150 ) ;
#554 = ORIENTED_EDGE ( 'NONE', *, *, #1175, .F. ) ;
#555 = DIRECTION ( 'NONE',  ( -1.069494444949723270E-15, 1.000000000000000000, 9.701791857580961860E-16 ) ) ;
#556 = AXIS2_PLACEMENT_3D ( 'NONE', #1461, #144, #393 ) ;
#557 = ORIENTED_EDGE ( 'NONE', *, *, #51, .F. ) ;
#558 = DIRECTION ( 'NONE',  ( -0.7071067811865484609, 0.000000000000000000, 0.7071067811865465735 ) ) ;
#559 = CARTESIAN_POINT ( 'NONE',  ( -1.836970198721030181E-16, 0.000000000000000000, -3.000000000000000444 ) ) ;
#560 = CARTESIAN_POINT ( 'NONE',  ( 0.000000000000000000, 3.399999999999999911, -31.75000000000000000 ) ) ;
#561 = DIRECTION ( 'NONE',  ( 0.000000000000000000, 1.000000000000000000, -0.000000000000000000 ) ) ;
#562 = VERTEX_POINT ( 'NONE', #85 ) ;
#563 = ADVANCED_FACE ( 'NONE', ( #472 ), #962, .F. ) ;
#564 = ORIENTED_EDGE ( 'NONE', *, *, #947, .F. ) ;
#565 = DIRECTION ( 'NONE',  ( 0.000000000000000000, 0.000000000000000000, 1.000000000000000000 ) ) ;
#566 = LINE ( 'NONE', #767, #935 ) ;
#567 = DIRECTION ( 'NONE',  ( 0.000000000000000000, 0.000000000000000000, 1.000000000000000000 ) ) ;
#568 = ORIENTED_EDGE ( 'NONE', *, *, #551, .T. ) ;
#569 = EDGE_CURVE ( 'NONE', #357, #599, #351, .T. ) ;
#570 = CONTEXT_DEPENDENT_SHAPE_REPRESENTATION ( #21, #274 ) ;
#571 = ORIENTED_EDGE ( 'NONE', *, *, #252, .F. ) ;
#572 = DIRECTION ( 'NONE',  ( 0.9396926207859095381, 0.000000000000000000, 0.3420201433256656598 ) ) ;
#573 = DIRECTION ( 'NONE',  ( 0.000000000000000000, 0.000000000000000000, 1.000000000000000000 ) ) ;
#574 = AXIS2_PLACEMENT_3D ( 'NONE', #746, #620, #859 ) ;
#575 = CIRCLE ( 'NONE', #301, 29.00000000000000000 ) ;
#576 = PLANE ( 'NONE',  #803 ) ;
#577 = VERTEX_POINT ( 'NONE', #1133 ) ;
#578 = CONTEXT_DEPENDENT_SHAPE_REPRESENTATION ( #293, #637 ) ;
#579 = ORIENTED_EDGE ( 'NONE', *, *, #305, .T. ) ;
#580 = CARTESIAN_POINT ( 'NONE',  ( 21.14308396768296205, -0.6500000000000000222, -7.695453224827491390 ) ) ;
#581 = CIRCLE ( 'NONE', #99, 26.00000000000000355 ) ;
#582 = EDGE_CURVE ( 'NONE', #264, #127, #1248, .T. ) ;
#583 = CARTESIAN_POINT ( 'NONE',  ( 0.000000000000000000, -5.000000000000000000, 0.000000000000000000 ) ) ;
#584 = ORIENTED_EDGE ( 'NONE', *, *, #33, .F. ) ;
#585 = CARTESIAN_POINT ( 'NONE',  ( 0.000000000000000000, -0.6500000000000000222, 0.000000000000000000 ) ) ;
#586 = VERTEX_POINT ( 'NONE', #954 ) ;
#587 = ORIENTED_EDGE ( 'NONE', *, *, #136, .T. ) ;
#588 = CARTESIAN_POINT ( 'NONE',  ( -14.38679600677306425, 6.000000000000000000, -13.89316740917992199 ) ) ;
#589 = ADVANCED_FACE ( 'NONE', ( #716 ), #115, .F. ) ;
#590 = DIRECTION ( 'NONE',  ( 0.7071067811865486830, 0.000000000000000000, -0.7071067811865464625 ) ) ;
#591 = CARTESIAN_POINT ( 'NONE',  ( 0.000000000000000000, 8.000000000000000000, 0.000000000000000000 ) ) ;
#592 = ORIENTED_EDGE ( 'NONE', *, *, #1169, .F. ) ;
#593 = DIRECTION ( 'NONE',  ( -0.000000000000000000, 1.000000000000000000, -0.000000000000000000 ) ) ;
#594 = AXIS2_PLACEMENT_3D ( 'NONE', #761, #739, #24 ) ;
#595 =( NAMED_UNIT ( * ) SI_UNIT ( $, .STERADIAN. ) SOLID_ANGLE_UNIT ( ) );
#596 = DIRECTION ( 'NONE',  ( 0.000000000000000000, 0.000000000000000000, 1.000000000000000000 ) ) ;
#597 = EDGE_CURVE ( 'NONE', #1521, #1051, #723, .T. ) ;
#598 = LINE ( 'NONE', #236, #267 ) ;
#599 = VERTEX_POINT ( 'NONE', #1192 ) ;
#600 =( NAMED_UNIT ( * ) SI_UNIT ( $, .STERADIAN. ) SOLID_ANGLE_UNIT ( ) );
#601 = AXIS2_PLACEMENT_3D ( 'NONE', #1166, #552, #84 ) ;
#602 = ORIENTED_EDGE ( 'NONE', *, *, #305, .F. ) ;
#603 = MECHANICAL_DESIGN_GEOMETRIC_PRESENTATION_REPRESENTATION (  '', ( #361 ), #937 ) ;
#604 = DIRECTION ( 'NONE',  ( -0.8191520442889905773, 0.000000000000000000, 0.5735764363510480468 ) ) ;
#605 = AXIS2_PLACEMENT_3D ( 'NONE', #647, #662, #526 ) ;
#606 = DIRECTION ( 'NONE',  ( 0.000000000000000000, 0.000000000000000000, 1.000000000000000000 ) ) ;
#607 = EDGE_CURVE ( 'NONE', #1514, #1291, #699, .T. ) ;
#608 = ORIENTED_EDGE ( 'NONE', *, *, #66, .T. ) ;
#609 = SURFACE_STYLE_USAGE ( .BOTH. , #615 ) ;
#610 = CARTESIAN_POINT ( 'NONE',  ( 0.000000000000000000, -3.399999999999999911, 0.000000000000000000 ) ) ;
#611 = LINE ( 'NONE', #1448, #113 ) ;
#612 = DIRECTION ( 'NONE',  ( 0.000000000000000000, 0.000000000000000000, -1.000000000000000000 ) ) ;
#613 = ORIENTED_EDGE ( 'NONE', *, *, #850, .F. ) ;
#614 = ADVANCED_FACE ( 'NONE', ( #241 ), #576, .T. ) ;
#615 = SURFACE_SIDE_STYLE ('',( #402 ) ) ;
#616 = DIRECTION ( 'NONE',  ( -0.000000000000000000, -1.000000000000000000, -0.000000000000000000 ) ) ;
#617 = ORIENTED_EDGE ( 'NONE', *, *, #1546, .T. ) ;
#618 = CARTESIAN_POINT ( 'NONE',  ( 0.000000000000000000, -0.6500000000000000222, 0.000000000000000000 ) ) ;
#619 = APPLICATION_CONTEXT ( 'automotive_design' ) ;
#620 = DIRECTION ( 'NONE',  ( 0.000000000000000000, -1.000000000000000000, 0.000000000000000000 ) ) ;
#621 = EDGE_LOOP ( 'NONE', ( #162, #191, #1225, #1535 ) ) ;
#622 = MECHANICAL_DESIGN_GEOMETRIC_PRESENTATION_REPRESENTATION (  '', ( #1003 ), #120 ) ;
#623 = PRODUCT_DEFINITION_SHAPE ( 'NONE', 'NONE',  #1557 ) ;
#624 = CARTESIAN_POINT ( 'NONE',  ( 22.45064030267291599, 10.00000000000000000, -22.45064030267284849 ) ) ;
#625 = ADVANCED_FACE ( 'NONE', ( #123 ), #710, .F. ) ;
#626 = ORIENTED_EDGE ( 'NONE', *, *, #1369, .T. ) ;
#627 = AXIS2_PLACEMENT_3D ( 'NONE', #583, #709, #573 ) ;
#628 = STYLED_ITEM ( 'NONE', ( #1401 ), #1430 ) ;
#629 = PLANE ( 'NONE',  #670 ) ;
#630 = PRODUCT_DEFINITION_FORMATION_WITH_SPECIFIED_SOURCE ( 'ANY', '', #732, .NOT_KNOWN. ) ;
#631 = VERTEX_POINT ( 'NONE', #373 ) ;
#632 = DIRECTION ( 'NONE',  ( 2.664535259100375697E-15, 0.000000000000000000, -1.000000000000000000 ) ) ;
#633 = VERTEX_POINT ( 'NONE', #215 ) ;
#634 = EDGE_CURVE ( 'NONE', #1514, #1151, #478, .T. ) ;
#635 = PLANE ( 'NONE',  #958 ) ;
#636 = LINE ( 'NONE', #644, #197 ) ;
#637 = PRODUCT_DEFINITION_SHAPE ( 'NONE', 'NONE',  #1555 ) ;
#638 = ORIENTED_EDGE ( 'NONE', *, *, #1078, .T. ) ;
#639 = DIRECTION ( 'NONE',  ( -0.5217935787106225964, -8.079091916115131557E-16, 0.8530717796389475360 ) ) ;
#640 = DIRECTION ( 'NONE',  ( -0.9396926207859095381, 1.774149009521734564E-15, -0.3420201433256654378 ) ) ;
#641 = LINE ( 'NONE', #371, #382 ) ;
#642 = APPLICATION_CONTEXT ( 'automotive_design' ) ;
#643 = LINE ( 'NONE', #1090, #869 ) ;
#644 = CARTESIAN_POINT ( 'NONE',  ( 0.000000000000000000, 8.000000000000000000, -22.80000000000000426 ) ) ;
#645 = ORIENTED_EDGE ( 'NONE', *, *, #66, .F. ) ;
#646 = CIRCLE ( 'NONE', #1298, 31.75000000000000000 ) ;
#647 = CARTESIAN_POINT ( 'NONE',  ( -25.34296164742186619, -0.3999999999999946376, 5.342686116300303212 ) ) ;
#648 = VECTOR ( 'NONE', #1374, 1000.000000000000000 ) ;
#649 = DIRECTION ( 'NONE',  ( -0.000000000000000000, 1.000000000000000000, -0.000000000000000000 ) ) ;
#650 = VECTOR ( 'NONE', #1129, 1000.000000000000114 ) ;
#651 = DIRECTION ( 'NONE',  ( -0.8191520442889911324, -0.000000000000000000, -0.5735764363510473807 ) ) ;
#652 = CARTESIAN_POINT ( 'NONE',  ( -15.05638145421500163, 0.6500000000000000222, -21.50274116258600898 ) ) ;
#653 = DIRECTION ( 'NONE',  ( 0.000000000000000000, 0.000000000000000000, -1.000000000000000000 ) ) ;
#654 = MECHANICAL_DESIGN_GEOMETRIC_PRESENTATION_REPRESENTATION (  '', ( #334 ), #1426 ) ;
#655 = VERTEX_POINT ( 'NONE', #1179 ) ;
#656 = ADVANCED_FACE ( 'NONE', ( #1538 ), #1302, .F. ) ;
#657 = FACE_OUTER_BOUND ( 'NONE', #621, .T. ) ;
#658 = CARTESIAN_POINT ( 'NONE',  ( 0.000000000000000000, 8.000000000000000000, 0.000000000000000000 ) ) ;
#659 = DIRECTION ( 'NONE',  ( 0.5735764363510476027, 0.000000000000000000, 0.8191520442889907994 ) ) ;
#660 = CARTESIAN_POINT ( 'NONE',  ( 0.000000000000000000, -10.00000000000000000, 0.000000000000000000 ) ) ;
#661 = ORIENTED_EDGE ( 'NONE', *, *, #1160, .F. ) ;
#662 = DIRECTION ( 'NONE',  ( -1.225177657392569519E-15, -0.9999999999999998890, 4.725237907583963223E-16 ) ) ;
#663 = ORIENTED_EDGE ( 'NONE', *, *, #260, .F. ) ;
#664 = EDGE_CURVE ( 'NONE', #86, #1521, #10, .T. ) ;
#665 = CARTESIAN_POINT ( 'NONE',  ( 0.000000000000000000, 0.6500000000000000222, 0.000000000000000000 ) ) ;
#666 = CARTESIAN_POINT ( 'NONE',  ( 0.000000000000000000, 7.599999999999999645, 0.000000000000000000 ) ) ;
#667 = CARTESIAN_POINT ( 'NONE',  ( 0.000000000000000000, 0.6500000000000000222, 0.000000000000000000 ) ) ;
#668 = ORIENTED_EDGE ( 'NONE', *, *, #1512, .F. ) ;
#669 = DIRECTION ( 'NONE',  ( 0.9970902773859858792, 3.348144541111682786E-16, -0.07622977595623392499 ) ) ;
#670 = AXIS2_PLACEMENT_3D ( 'NONE', #1355, #39, #259 ) ;
#671 = EDGE_LOOP ( 'NONE', ( #363, #743, #406, #520, #1490, #1466, #69, #741 ) ) ;
#672 = VECTOR ( 'NONE', #1425, 1000.000000000000000 ) ;
#673 = APPLICATION_CONTEXT ( 'automotive_design' ) ;
#674 = DIRECTION ( 'NONE',  ( 0.7193398003386530792, 0.000000000000000000, 0.6946583704589953667 ) ) ;
#675 = DIRECTION ( 'NONE',  ( 0.9396926207859093161, 0.000000000000000000, -0.3420201433256659929 ) ) ;
#676 = CARTESIAN_POINT ( 'NONE',  ( -14.91298734512724522, 3.400000000000000355, -21.29795315151376656 ) ) ;
#677 = EDGE_CURVE ( 'NONE', #353, #884, #1294, .T. ) ;
#678 = CARTESIAN_POINT ( 'NONE',  ( 0.000000000000000000, -3.399999999999999911, 0.000000000000000000 ) ) ;
#679 = ORIENTED_EDGE ( 'NONE', *, *, #114, .F. ) ;
#680 = ITEM_DEFINED_TRANSFORMATION ( 'NONE', 'NONE', #812,  #905 ) ;
#681 = VECTOR ( 'NONE', #519, 1000.000000000000000 ) ;
#682 = CIRCLE ( 'NONE', #399, 20.00000000000000000 ) ;
#683 = ORIENTED_EDGE ( 'NONE', *, *, #551, .F. ) ;
#684 = PRESENTATION_LAYER_ASSIGNMENT (  '', '', ( #628 ) ) ;
#685 = DIRECTION ( 'NONE',  ( 0.000000000000000000, 1.000000000000000000, 0.000000000000000000 ) ) ;
#686 = CYLINDRICAL_SURFACE ( 'NONE', #151, 31.75000000000000000 ) ;
#687 = LINE ( 'NONE', #311, #43 ) ;
#688 = EDGE_CURVE ( 'NONE', #866, #948, #839, .T. ) ;
#689 = CARTESIAN_POINT ( 'NONE',  ( 7.359808400080187185E-15, 6.000000000000000000, 7.359808400080206118E-15 ) ) ;
#690 = ORIENTED_EDGE ( 'NONE', *, *, #479, .F. ) ;
#691 = EDGE_LOOP ( 'NONE', ( #986, #304, #61, #617 ) ) ;
#692 =( NAMED_UNIT ( * ) SI_UNIT ( $, .STERADIAN. ) SOLID_ANGLE_UNIT ( ) );
#693 = CARTESIAN_POINT ( 'NONE',  ( 0.000000000000000000, 10.00000000000000000, 0.000000000000000000 ) ) ;
#694 = ORIENTED_EDGE ( 'NONE', *, *, #1348, .F. ) ;
#695 = EDGE_CURVE ( 'NONE', #1344, #1244, #1434, .T. ) ;
#696 = VERTEX_POINT ( 'NONE', #1069 ) ;
#697 = AXIS2_PLACEMENT_3D ( 'NONE', #117, #956, #606 ) ;
#698 = FACE_OUTER_BOUND ( 'NONE', #1116, .T. ) ;
#699 = CIRCLE ( 'NONE', #1343, 20.00000000000001421 ) ;
#700 = CIRCLE ( 'NONE', #1223, 26.00000000000000355 ) ;
#701 = DIRECTION ( 'NONE',  ( 0.000000000000000000, 1.000000000000000000, 0.000000000000000000 ) ) ;
#702 = VERTEX_POINT ( 'NONE', #343 ) ;
#703 =( REPRESENTATION_RELATIONSHIP ('NONE','NONE', #1431, #955 ) REPRESENTATION_RELATIONSHIP_WITH_TRANSFORMATION ( #680 )SHAPE_REPRESENTATION_RELATIONSHIP( ) );
#704 = ORIENTED_EDGE ( 'NONE', *, *, #930, .F. ) ;
#705 = ADVANCED_FACE ( 'NONE', ( #367 ), #1418, .T. ) ;
#706 = AXIS2_PLACEMENT_3D ( 'NONE', #282, #759, #1238 ) ;
#707 = CARTESIAN_POINT ( 'NONE',  ( 24.24406961627645529, -5.000000000000000000, -8.824119697802188966 ) ) ;
#708 = CIRCLE ( 'NONE', #279, 20.00000000000001421 ) ;
#709 = DIRECTION ( 'NONE',  ( -0.000000000000000000, 1.000000000000000000, -0.000000000000000000 ) ) ;
#710 = PLANE ( 'NONE',  #247 ) ;
#711 = DIRECTION ( 'NONE',  ( 0.000000000000000000, 0.000000000000000000, -1.000000000000000000 ) ) ;
#712 = CONTEXT_DEPENDENT_SHAPE_REPRESENTATION ( #109, #1240 ) ;
#713 = EDGE_LOOP ( 'NONE', ( #26, #224, #139, #130 ) ) ;
#714 = CARTESIAN_POINT ( 'NONE',  ( 14.14213562373098299, 10.00000000000000000, -14.14213562373093858 ) ) ;
#715 = EDGE_CURVE ( 'NONE', #1407, #213, #505, .T. ) ;
#716 = FACE_OUTER_BOUND ( 'NONE', #1189, .T. ) ;
#717 = DIRECTION ( 'NONE',  ( 0.000000000000000000, 0.000000000000000000, 1.000000000000000000 ) ) ;
#718 = ORIENTED_EDGE ( 'NONE', *, *, #1107, .T. ) ;
#719 = PRODUCT_DEFINITION_SHAPE ( 'NONE', 'NONE',  #1554 ) ;
#720 = CARTESIAN_POINT ( 'NONE',  ( -14.38679600677306425, -10.00000000000000000, -13.89316740917992199 ) ) ;
#721 = CIRCLE ( 'NONE', #428, 25.25000000000000000 ) ;
#722 = EDGE_CURVE ( 'NONE', #243, #40, #140, .T. ) ;
#723 = LINE ( 'NONE', #1544, #1097 ) ;
#724 = AXIS2_PLACEMENT_3D ( 'NONE', #1365, #774, #1254 ) ;
#725 = CARTESIAN_POINT ( 'NONE',  ( 0.000000000000000000, 8.000000000000000000, 0.000000000000000000 ) ) ;
#726 = ORIENTED_EDGE ( 'NONE', *, *, #1512, .T. ) ;
#727 = LINE ( 'NONE', #1204, #1451 ) ;
#728 = AXIS2_PLACEMENT_3D ( 'NONE', #1270, #420, #1042 ) ;
#729 = CIRCLE ( 'NONE', #1131, 29.00000000000000000 ) ;
#730 = CARTESIAN_POINT ( 'NONE',  ( -23.72723867484421234, -3.399999999999999911, -8.636008618973061601 ) ) ;
#731 = DIRECTION ( 'NONE',  ( 0.000000000000000000, -1.000000000000000000, 0.000000000000000000 ) ) ;
#732 = PRODUCT ( 'Inner Raceway', 'Inner Raceway', '', ( #546 ) ) ;
#733 = EDGE_CURVE ( 'NONE', #1025, #1194, #1172, .T. ) ;
#734 = CARTESIAN_POINT ( 'NONE',  ( -15.32088886237959002, -5.000000000000000000, -12.85575219373075484 ) ) ;
#735 = ORIENTED_EDGE ( 'NONE', *, *, #210, .F. ) ;
#736 =( LENGTH_UNIT ( ) NAMED_UNIT ( * ) SI_UNIT ( .MILLI., .METRE. ) );
#737 = CARTESIAN_POINT ( 'NONE',  ( -14.38679600677306425, -10.00000000000000000, -13.89316740917992199 ) ) ;
#738 = EDGE_LOOP ( 'NONE', ( #284, #435, #423, #320, #1036 ) ) ;
#739 = DIRECTION ( 'NONE',  ( 0.000000000000000000, -1.000000000000000000, 0.000000000000000000 ) ) ;
#740 = CARTESIAN_POINT ( 'NONE',  ( 0.000000000000000000, 3.399999999999999911, 25.25000000000000000 ) ) ;
#741 = ORIENTED_EDGE ( 'NONE', *, *, #1146, .F. ) ;
#742 = DIRECTION ( 'NONE',  ( 0.000000000000000000, 1.000000000000000000, -0.000000000000000000 ) ) ;
#743 = ORIENTED_EDGE ( 'NONE', *, *, #1380, .T. ) ;
#744 = DIRECTION ( 'NONE',  ( 0.5735764363510476027, -9.067872715333304254E-16, -0.8191520442889907994 ) ) ;
#745 = TOROIDAL_SURFACE ( 'NONE', #456, 25.25000000000000000, 2.750000000000000000 ) ;
#746 = CARTESIAN_POINT ( 'NONE',  ( 0.000000000000000000, -0.6500000000000000222, 0.000000000000000000 ) ) ;
#747 = VERTEX_POINT ( 'NONE', #730 ) ;
#748 = ADVANCED_FACE ( 'NONE', ( #999 ), #415, .T. ) ;
#749 = CARTESIAN_POINT ( 'NONE',  ( -19.76394663246967554, -5.000000000000000000, -16.58392032991267584 ) ) ;
#750 = ORIENTED_EDGE ( 'NONE', *, *, #413, .T. ) ;
#751 = CARTESIAN_POINT ( 'NONE',  ( -17.77223108036032428, 5.000000000000000000, -14.91267254472766624 ) ) ;
#752 = AXIS2_PLACEMENT_3D ( 'NONE', #996, #616, #861 ) ;
#753 = VECTOR ( 'NONE', #155, 1000.000000000000000 ) ;
#754 = AXIS2_PLACEMENT_3D ( 'NONE', #658, #775, #45 ) ;
#755 = CARTESIAN_POINT ( 'NONE',  ( -14.38679600677306425, 10.00000000000000000, -13.89316740917992199 ) ) ;
#756 = ORIENTED_EDGE ( 'NONE', *, *, #1391, .F. ) ;
#757 = SHAPE_DEFINITION_REPRESENTATION ( #1205, #993 ) ;
#758 = DIRECTION ( 'NONE',  ( -0.7071067811865465735, 0.000000000000000000, -0.7071067811865484609 ) ) ;
#759 = DIRECTION ( 'NONE',  ( 0.6427876096865374755, 0.000000000000000000, -0.7660444431189795678 ) ) ;
#760 = VERTEX_POINT ( 'NONE', #15 ) ;
#761 = CARTESIAN_POINT ( 'NONE',  ( 0.000000000000000000, 6.000000000000000000, 0.000000000000000000 ) ) ;
#762 = EDGE_CURVE ( 'NONE', #1162, #379, #1071, .T. ) ;
#763 = DIRECTION ( 'NONE',  ( -0.000000000000000000, 1.000000000000000000, -0.000000000000000000 ) ) ;
#764 = ORIENTED_EDGE ( 'NONE', *, *, #1078, .F. ) ;
#765 = CARTESIAN_POINT ( 'NONE',  ( 7.359808400080187185E-15, 0.000000000000000000, 7.359808400080206118E-15 ) ) ;
#766 = DIRECTION ( 'NONE',  ( -0.000000000000000000, -1.000000000000000000, -0.000000000000000000 ) ) ;
#767 = CARTESIAN_POINT ( 'NONE',  ( 16.63371665418037182, 3.399999999999999911, -23.75540928438073607 ) ) ;
#768 = ADVANCED_FACE ( 'NONE', ( #147 ), #1271, .F. ) ;
#769 = FACE_OUTER_BOUND ( 'NONE', #691, .T. ) ;
#770 = EDGE_LOOP ( 'NONE', ( #1447, #1017, #295, #1501, #679 ) ) ;
#771 = TOROIDAL_SURFACE ( 'NONE', #951, 26.25000000000000355, 2.750000000000000000 ) ;
#772 = DIRECTION ( 'NONE',  ( -1.974264593109224082E-15, 1.000000000000000000, 1.399706606423853149E-15 ) ) ;
#773 = CIRCLE ( 'NONE', #1500, 2.750000000000000000 ) ;
#774 = DIRECTION ( 'NONE',  ( -0.000000000000000000, 1.000000000000000000, -0.000000000000000000 ) ) ;
#775 = DIRECTION ( 'NONE',  ( -0.000000000000000000, -1.000000000000000000, -0.000000000000000000 ) ) ;
#776 = LINE ( 'NONE', #189, #483 ) ;
#777 = VECTOR ( 'NONE', #496, 1000.000000000000000 ) ;
#778 = DIRECTION ( 'NONE',  ( 0.000000000000000000, 0.000000000000000000, -1.000000000000000000 ) ) ;
#779 = EDGE_CURVE ( 'NONE', #1239, #1429, #1337, .T. ) ;
#780 = AXIS2_PLACEMENT_3D ( 'NONE', #333, #339, #1541 ) ;
#781 = PRODUCT_DEFINITION_SHAPE ( 'NONE', 'NONE',  #156 ) ;
#782 = ORIENTED_EDGE ( 'NONE', *, *, #1169, .T. ) ;
#783 = PRODUCT_DEFINITION_CONTEXT ( 'detailed design', #1440, 'design' ) ;
#784 = CIRCLE ( 'NONE', #1034, 25.80000000000000426 ) ;
#785 = DIRECTION ( 'NONE',  ( 0.7717222546524452609, 2.413740940409269991E-15, -0.6359597170215632866 ) ) ;
#786 = APPLICATION_CONTEXT ( 'automotive_design' ) ;
#787 = PLANE ( 'NONE',  #200 ) ;
#788 = CARTESIAN_POINT ( 'NONE',  ( 0.000000000000000000, -3.399999999999999911, 0.000000000000000000 ) ) ;
#789 = DIRECTION ( 'NONE',  ( 0.000000000000000000, 0.000000000000000000, 1.000000000000000000 ) ) ;
#790 = CARTESIAN_POINT ( 'NONE',  ( 0.000000000000000000, 10.00000000000000000, 0.000000000000000000 ) ) ;
#791 = ORIENTED_EDGE ( 'NONE', *, *, #1383, .F. ) ;
#792 = PRODUCT_CONTEXT ( 'NONE', #786, 'mechanical' ) ;
#793 = ORIENTED_EDGE ( 'NONE', *, *, #806, .T. ) ;
#794 = CARTESIAN_POINT ( 'NONE',  ( 14.91298734512722746, 4.999999999999999112, -21.29795315151376656 ) ) ;
#795 = FACE_OUTER_BOUND ( 'NONE', #890, .T. ) ;
#796 = CARTESIAN_POINT ( 'NONE',  ( 0.000000000000000000, 10.00000000000000000, 0.000000000000000000 ) ) ;
#797 = LINE ( 'NONE', #1282, #926 ) ;
#798 = VECTOR ( 'NONE', #1098, 1000.000000000000227 ) ;
#799 = EDGE_LOOP ( 'NONE', ( #821, #49, #613, #273, #441 ) ) ;
#800 = UNCERTAINTY_MEASURE_WITH_UNIT (LENGTH_MEASURE( 1.000000000000000082E-05 ), #837, 'distance_accuracy_value', 'NONE');
#801 = ADVANCED_BREP_SHAPE_REPRESENTATION ( '', ( #77, #905 ), #960 ) ;
#802 = EDGE_LOOP ( 'NONE', ( #1284, #1136, #481, #1290, #119, #450 ) ) ;
#803 = AXIS2_PLACEMENT_3D ( 'NONE', #693, #1200, #596 ) ;
#804 = DIRECTION ( 'NONE',  ( 0.000000000000000000, 0.000000000000000000, -1.000000000000000000 ) ) ;
#805 = DIRECTION ( 'NONE',  ( 0.000000000000000000, 0.000000000000000000, -1.000000000000000000 ) ) ;
#806 = EDGE_CURVE ( 'NONE', #631, #760, #1206, .T. ) ;
#807 = CARTESIAN_POINT ( 'NONE',  ( 0.000000000000000000, 3.399999999999999911, 0.000000000000000000 ) ) ;
#808 = CARTESIAN_POINT ( 'NONE',  ( 0.000000000000000000, -5.000000000000000000, 0.000000000000000000 ) ) ;
#809 = VERTEX_POINT ( 'NONE', #1471 ) ;
#810 = MECHANICAL_DESIGN_GEOMETRIC_PRESENTATION_REPRESENTATION (  '', ( #1476 ), #1256 ) ;
#811 = ORIENTED_EDGE ( 'NONE', *, *, #907, .F. ) ;
#812 = AXIS2_PLACEMENT_3D ( 'NONE', #1357, #34, #669 ) ;
#813 = DIRECTION ( 'NONE',  ( 0.000000000000000000, -1.000000000000000000, 0.000000000000000000 ) ) ;
#814 = PLANE ( 'NONE',  #1219 ) ;
#815 = ORIENTED_EDGE ( 'NONE', *, *, #1369, .F. ) ;
#816 = VERTEX_POINT ( 'NONE', #751 ) ;
#817 =( NAMED_UNIT ( * ) SI_UNIT ( $, .STERADIAN. ) SOLID_ANGLE_UNIT ( ) );
#818 = LINE ( 'NONE', #1293, #834 ) ;
#819 = ORIENTED_EDGE ( 'NONE', *, *, #96, .F. ) ;
#820 = DIRECTION ( 'NONE',  ( 0.000000000000000000, 0.000000000000000000, 1.000000000000000000 ) ) ;
#821 = ORIENTED_EDGE ( 'NONE', *, *, #733, .T. ) ;
#822 = EDGE_CURVE ( 'NONE', #948, #631, #611, .T. ) ;
#823 = ITEM_DEFINED_TRANSFORMATION ( 'NONE', 'NONE', #438,  #905 ) ;
#824 = ORIENTED_EDGE ( 'NONE', *, *, #124, .T. ) ;
#825 = DIRECTION ( 'NONE',  ( 0.000000000000000000, -1.000000000000000000, 0.000000000000000000 ) ) ;
#826 = SURFACE_STYLE_FILL_AREA ( #1313 ) ;
#827 = AXIS2_PLACEMENT_3D ( 'NONE', #108, #91, #222 ) ;
#828 = VECTOR ( 'NONE', #83, 1000.000000000000000 ) ;
#829 = DIRECTION ( 'NONE',  ( 0.000000000000000000, 1.000000000000000000, 0.000000000000000000 ) ) ;
#830 = ORIENTED_EDGE ( 'NONE', *, *, #940, .T. ) ;
#831 = CYLINDRICAL_SURFACE ( 'NONE', #697, 25.80000000000000426 ) ;
#832 = ADVANCED_FACE ( 'NONE', ( #388 ), #1113, .T. ) ;
#833 = ORIENTED_EDGE ( 'NONE', *, *, #87, .F. ) ;
#834 = VECTOR ( 'NONE', #1319, 1000.000000000000000 ) ;
#835 = EDGE_CURVE ( 'NONE', #493, #943, #323, .T. ) ;
#836 = MECHANICAL_DESIGN_GEOMETRIC_PRESENTATION_REPRESENTATION (  '', ( #628 ), #208 ) ;
#837 =( LENGTH_UNIT ( ) NAMED_UNIT ( * ) SI_UNIT ( .MILLI., .METRE. ) );
#838 = AXIS2_PLACEMENT_3D ( 'NONE', #1484, #639, #891 ) ;
#839 = LINE ( 'NONE', #1065, #1548 ) ;
#840 = APPLICATION_CONTEXT ( 'automotive_design' ) ;
#841 = CARTESIAN_POINT ( 'NONE',  ( 0.000000000000000000, -0.6500000000000000222, 0.000000000000000000 ) ) ;
#842 = EDGE_LOOP ( 'NONE', ( #261, #176, #791, #718 ) ) ;
#843 = SURFACE_SIDE_STYLE ('',( #469 ) ) ;
#844 = EDGE_CURVE ( 'NONE', #6, #1339, #643, .T. ) ;
#845 = CARTESIAN_POINT ( 'NONE',  ( -21.14308396768296916, 0.6500000000000000222, -7.695453224827478067 ) ) ;
#846 = CARTESIAN_POINT ( 'NONE',  ( 0.000000000000000000, -3.399999999999999911, 0.000000000000000000 ) ) ;
#847 = DIRECTION ( 'NONE',  ( 0.000000000000000000, 0.000000000000000000, 1.000000000000000000 ) ) ;
#848 = ORIENTED_EDGE ( 'NONE', *, *, #858, .T. ) ;
#849 = CARTESIAN_POINT ( 'NONE',  ( -22.83903866075223021, -10.00000000000000000, -22.05540326207309221 ) ) ;
#850 = EDGE_CURVE ( 'NONE', #1321, #1276, #30, .T. ) ;
#851 = CIRCLE ( 'NONE', #1122, 25.80000000000000426 ) ;
#852 = DIRECTION ( 'NONE',  ( -0.000000000000000000, -1.000000000000000000, -0.000000000000000000 ) ) ;
#853 = ORIENTED_EDGE ( 'NONE', *, *, #136, .F. ) ;
#854 = DIRECTION ( 'NONE',  ( 0.000000000000000000, 0.000000000000000000, 1.000000000000000000 ) ) ;
#855 = AXIS2_PLACEMENT_3D ( 'NONE', #20, #742, #1218 ) ;
#856 = ORIENTED_EDGE ( 'NONE', *, *, #569, .T. ) ;
#857 = CYLINDRICAL_SURFACE ( 'NONE', #875, 31.75000000000000000 ) ;
#858 = EDGE_CURVE ( 'NONE', #1025, #696, #1120, .T. ) ;
#859 = DIRECTION ( 'NONE',  ( 0.000000000000000000, 0.000000000000000000, -1.000000000000000000 ) ) ;
#860 = ORIENTED_EDGE ( 'NONE', *, *, #228, .F. ) ;
#861 = DIRECTION ( 'NONE',  ( 0.000000000000000000, 0.000000000000000000, -1.000000000000000000 ) ) ;
#862 = EDGE_LOOP ( 'NONE', ( #433, #1265, #504, #340, #1028, #488 ) ) ;
#863 = CARTESIAN_POINT ( 'NONE',  ( 0.000000000000000000, -10.00000000000000000, 0.000000000000000000 ) ) ;
#864 = CARTESIAN_POINT ( 'NONE',  ( 0.000000000000000000, 5.000000000000000000, 0.000000000000000000 ) ) ;
#865 = ADVANCED_FACE ( 'NONE', ( #38 ), #635, .F. ) ;
#866 = VERTEX_POINT ( 'NONE', #251 ) ;
#867 = DIRECTION ( 'NONE',  ( 0.000000000000000000, 0.000000000000000000, 1.000000000000000000 ) ) ;
#868 = FACE_OUTER_BOUND ( 'NONE', #802, .T. ) ;
#869 = VECTOR ( 'NONE', #395, 1000.000000000000114 ) ;
#870 = VERTEX_POINT ( 'NONE', #1481 ) ;
#871 = CARTESIAN_POINT ( 'NONE',  ( 0.000000000000000000, -10.00000000000000000, 0.000000000000000000 ) ) ;
#872 = VECTOR ( 'NONE', #829, 1000.000000000000000 ) ;
#873 = CYLINDRICAL_SURFACE ( 'NONE', #1396, 20.00000000000001421 ) ;
#874 = ORIENTED_EDGE ( 'NONE', *, *, #401, .T. ) ;
#875 = AXIS2_PLACEMENT_3D ( 'NONE', #1330, #536, #1015 ) ;
#876 = ADVANCED_FACE ( 'NONE', ( #381 ), #857, .T. ) ;
#877 = DIRECTION ( 'NONE',  ( -0.3420201433256656598, -0.000000000000000000, 0.9396926207859095381 ) ) ;
#878 = PLANE ( 'NONE',  #706 ) ;
#879 = EDGE_LOOP ( 'NONE', ( #860, #1381, #1213, #704 ) ) ;
#880 = DIRECTION ( 'NONE',  ( -0.8191520442889911324, -0.000000000000000000, -0.5735764363510473807 ) ) ;
#881 = AXIS2_PLACEMENT_3D ( 'NONE', #502, #490, #27 ) ;
#882 = CIRCLE ( 'NONE', #464, 20.00000000000001421 ) ;
#883 = CARTESIAN_POINT ( 'NONE',  ( 0.000000000000000000, -3.399999999999999911, 25.80000000000000426 ) ) ;
#884 = VERTEX_POINT ( 'NONE', #676 ) ;
#885 = SURFACE_SIDE_STYLE ('',( #1013 ) ) ;
#886 = CARTESIAN_POINT ( 'NONE',  ( 0.000000000000000000, -5.000000000000000000, 0.000000000000000000 ) ) ;
#887 = EDGE_CURVE ( 'NONE', #957, #988, #1157, .T. ) ;
#888 = DIRECTION ( 'NONE',  ( 0.000000000000000000, -0.000000000000000000, 1.000000000000000000 ) ) ;
#889 = DIRECTION ( 'NONE',  ( 0.000000000000000000, 0.000000000000000000, -1.000000000000000000 ) ) ;
#890 = EDGE_LOOP ( 'NONE', ( #874, #1414, #819, #856, #537, #1455, #564, #237 ) ) ;
#891 = DIRECTION ( 'NONE',  ( 0.8530717796389475360, 7.044324704190319074E-16, 0.5217935787106225964 ) ) ;
#892 = SHAPE_REPRESENTATION ( 'Outer Raceway', ( #905 ), #1533 ) ;
#893 = DIRECTION ( 'NONE',  ( 0.000000000000000000, 0.000000000000000000, 1.000000000000000000 ) ) ;
#894 = DIRECTION ( 'NONE',  ( -1.776356839400250465E-15, 0.000000000000000000, 1.000000000000000000 ) ) ;
#895 = EDGE_CURVE ( 'NONE', #1344, #1004, #1472, .T. ) ;
#896 = CARTESIAN_POINT ( 'NONE',  ( 0.000000000000000000, -3.399999999999999911, 0.000000000000000000 ) ) ;
#897 = DIRECTION ( 'NONE',  ( 0.000000000000000000, 0.000000000000000000, 1.000000000000000000 ) ) ;
#898 = ORIENTED_EDGE ( 'NONE', *, *, #715, .F. ) ;
#899 = AXIS2_PLACEMENT_3D ( 'NONE', #585, #945, #941 ) ;
#900 = CIRCLE ( 'NONE', #225, 22.80000000000000426 ) ;
#901 = CARTESIAN_POINT ( 'NONE',  ( 23.72723867484421234, -0.6500000000000000222, -8.636008618973074036 ) ) ;
#902 = CARTESIAN_POINT ( 'NONE',  ( 0.000000000000000000, 0.000000000000000000, 0.000000000000000000 ) ) ;
#903 = AXIS2_PLACEMENT_3D ( 'NONE', #796, #1488, #198 ) ;
#904 = DIRECTION ( 'NONE',  ( 1.000000000000000000, -1.224646799147353207E-16, 0.000000000000000000 ) ) ;
#905 = AXIS2_PLACEMENT_3D ( 'NONE', #1550, #1048, #1190 ) ;
#906 = EDGE_LOOP ( 'NONE', ( #322, #1452, #517, #369, #1295 ) ) ;
#907 = EDGE_CURVE ( 'NONE', #1384, #1244, #342, .T. ) ;
#908 = AXIS2_PLACEMENT_3D ( 'NONE', #1153, #177, #1006 ) ;
#909 = ORIENTED_EDGE ( 'NONE', *, *, #503, .T. ) ;
#910 = LINE ( 'NONE', #794, #648 ) ;
#911 = CARTESIAN_POINT ( 'NONE',  ( 0.000000000000000000, 10.00000000000000000, -20.00000000000001421 ) ) ;
#912 = CARTESIAN_POINT ( 'NONE',  ( 24.24406961627645529, -3.399999999999999911, -8.824119697802188966 ) ) ;
#913 = CARTESIAN_POINT ( 'NONE',  ( -21.14308396768296561, 3.399999999999999911, -7.695453224827486061 ) ) ;
#914 = ORIENTED_EDGE ( 'NONE', *, *, #569, .F. ) ;
#915 =( REPRESENTATION_RELATIONSHIP ('NONE','NONE', #1431, #892 ) REPRESENTATION_RELATIONSHIP_WITH_TRANSFORMATION ( #1275 )SHAPE_REPRESENTATION_RELATIONSHIP( ) );
#916 = ADVANCED_FACE ( 'NONE', ( #1507 ), #1517, .F. ) ;
#917 = APPLICATION_PROTOCOL_DEFINITION ( 'draft international standard', 'automotive_design', 1998, #1075 ) ;
#918 = ORIENTED_EDGE ( 'NONE', *, *, #1217, .T. ) ;
#919 = CARTESIAN_POINT ( 'NONE',  ( 0.000000000000000000, -0.6500000000000000222, -29.00000000000000000 ) ) ;
#920 = FACE_OUTER_BOUND ( 'NONE', #964, .T. ) ;
#921 = DIRECTION ( 'NONE',  ( 0.000000000000000000, 1.000000000000000000, 0.000000000000000000 ) ) ;
#922 = CARTESIAN_POINT ( 'NONE',  ( 0.000000000000000000, 0.000000000000000000, 0.000000000000000000 ) ) ;
#923 = ORIENTED_EDGE ( 'NONE', *, *, #523, .T. ) ;
#924 = CIRCLE ( 'NONE', #116, 23.19999999999999574 ) ;
#925 = ORIENTED_EDGE ( 'NONE', *, *, #1296, .F. ) ;
#926 = VECTOR ( 'NONE', #1370, 1000.000000000000000 ) ;
#927 = DIRECTION ( 'NONE',  ( -0.000000000000000000, 1.000000000000000000, -0.000000000000000000 ) ) ;
#928 = SURFACE_STYLE_USAGE ( .BOTH. , #843 ) ;
#929 = AXIS2_PLACEMENT_3D ( 'NONE', #2, #731, #110 ) ;
#930 = EDGE_CURVE ( 'NONE', #1067, #631, #682, .T. ) ;
#931 = DIRECTION ( 'NONE',  ( 0.9396926207859093161, 0.000000000000000000, -0.3420201433256659929 ) ) ;
#932 = ADVANCED_BREP_SHAPE_REPRESENTATION ( '', ( #1111, #905 ), #182 ) ;
#933 = DIRECTION ( 'NONE',  ( 0.000000000000000000, -1.000000000000000000, 0.000000000000000000 ) ) ;
#934 = ORIENTED_EDGE ( 'NONE', *, *, #582, .T. ) ;
#935 = VECTOR ( 'NONE', #1247, 1000.000000000000000 ) ;
#936 = VERTEX_POINT ( 'NONE', #541 ) ;
#937 =( GEOMETRIC_REPRESENTATION_CONTEXT ( 3 ) GLOBAL_UNCERTAINTY_ASSIGNED_CONTEXT ( ( #459 ) ) GLOBAL_UNIT_ASSIGNED_CONTEXT ( ( #736, #1226, #1460 ) ) REPRESENTATION_CONTEXT ( 'NONE', 'WORKASPACE' ) );
#938 =( NAMED_UNIT ( * ) PLANE_ANGLE_UNIT ( ) SI_UNIT ( $, .RADIAN. ) );
#939 = CARTESIAN_POINT ( 'NONE',  ( 0.000000000000000000, 3.399999999999999911, 0.000000000000000000 ) ) ;
#940 = EDGE_CURVE ( 'NONE', #1109, #1321, #1524, .T. ) ;
#941 = DIRECTION ( 'NONE',  ( 0.000000000000000000, 0.000000000000000000, -1.000000000000000000 ) ) ;
#942 = ORIENTED_EDGE ( 'NONE', *, *, #1146, .T. ) ;
#943 = VERTEX_POINT ( 'NONE', #1367 ) ;
#944 = EDGE_CURVE ( 'NONE', #268, #633, #1496, .T. ) ;
#945 = DIRECTION ( 'NONE',  ( -0.000000000000000000, 1.000000000000000000, -0.000000000000000000 ) ) ;
#946 = EDGE_LOOP ( 'NONE', ( #554, #1526, #1363, #1303, #514 ) ) ;
#947 = EDGE_CURVE ( 'NONE', #1339, #1389, #980, .T. ) ;
#948 = VERTEX_POINT ( 'NONE', #439 ) ;
#949 = VECTOR ( 'NONE', #1070, 1000.000000000000000 ) ;
#950 = DIRECTION ( 'NONE',  ( -0.000000000000000000, -1.000000000000000000, -0.000000000000000000 ) ) ;
#951 = AXIS2_PLACEMENT_3D ( 'NONE', #667, #1289, #1264 ) ;
#952 = CARTESIAN_POINT ( 'NONE',  ( 21.14308396768296561, 0.6500000000000000222, -7.695453224827493166 ) ) ;
#953 = AXIS2_PLACEMENT_3D ( 'NONE', #436, #877, #1144 ) ;
#954 = CARTESIAN_POINT ( 'NONE',  ( -19.76394663246967554, -5.000000000000000000, -16.58392032991267584 ) ) ;
#955 = SHAPE_REPRESENTATION ( 'Bearing Ball', ( #905 ), #960 ) ;
#956 = DIRECTION ( 'NONE',  ( -0.000000000000000000, 1.000000000000000000, -0.000000000000000000 ) ) ;
#957 = VERTEX_POINT ( 'NONE', #912 ) ;
#958 = AXIS2_PLACEMENT_3D ( 'NONE', #521, #407, #528 ) ;
#959 = FILL_AREA_STYLE ('',( #1186 ) ) ;
#960 =( GEOMETRIC_REPRESENTATION_CONTEXT ( 3 ) GLOBAL_UNCERTAINTY_ASSIGNED_CONTEXT ( ( #531 ) ) GLOBAL_UNIT_ASSIGNED_CONTEXT ( ( #1334, #262, #512 ) ) REPRESENTATION_CONTEXT ( 'NONE', 'WORKASPACE' ) );
#961 = PRODUCT ( 'Outer Raceway', 'Outer Raceway', '', ( #1502 ) ) ;
#962 = PLANE ( 'NONE',  #1055 ) ;
#963 = CARTESIAN_POINT ( 'NONE',  ( 23.72723867484421234, 3.400000000000000355, -8.636008618973074036 ) ) ;
#964 = EDGE_LOOP ( 'NONE', ( #898, #1324, #1210, #587 ) ) ;
#965 = EDGE_CURVE ( 'NONE', #268, #449, #776, .T. ) ;
#966 = FACE_OUTER_BOUND ( 'NONE', #842, .T. ) ;
#967 = CARTESIAN_POINT ( 'NONE',  ( 0.000000000000000000, 10.00000000000000000, 0.000000000000000000 ) ) ;
#968 = PRODUCT_DEFINITION_CONTEXT ( 'detailed design', #840, 'design' ) ;
#969 = DIRECTION ( 'NONE',  ( 0.000000000000000000, -1.000000000000000000, 0.000000000000000000 ) ) ;
#970 = ORIENTED_EDGE ( 'NONE', *, *, #835, .T. ) ;
#971 = PRODUCT_DEFINITION_SHAPE ( 'NONE', 'NONE',  #1087 ) ;
#972 = CARTESIAN_POINT ( 'NONE',  ( 0.000000000000000000, 10.00000000000000000, -20.00000000000001421 ) ) ;
#973 = ADVANCED_FACE ( 'NONE', ( #1494 ), #1394, .T. ) ;
#974 = ORIENTED_EDGE ( 'NONE', *, *, #887, .T. ) ;
#975 = AXIS2_PLACEMENT_3D ( 'NONE', #157, #1338, #889 ) ;
#976 = CARTESIAN_POINT ( 'NONE',  ( 19.76394663246966132, 5.000000000000000000, -16.58392032991267584 ) ) ;
#977 = CARTESIAN_POINT ( 'NONE',  ( 0.000000000000000000, -0.6500000000000000222, 0.000000000000000000 ) ) ;
#978 = ORIENTED_EDGE ( 'NONE', *, *, #779, .T. ) ;
#979 = SURFACE_SIDE_STYLE ('',( #987 ) ) ;
#980 = CIRCLE ( 'NONE', #1349, 25.80000000000000426 ) ;
#981 = CARTESIAN_POINT ( 'NONE',  ( 18.38477631085026687, 8.000000000000000000, -18.38477631085021713 ) ) ;
#982 = VECTOR ( 'NONE', #1479, 1000.000000000000000 ) ;
#983 = ORIENTED_EDGE ( 'NONE', *, *, #1402, .T. ) ;
#984 = DIRECTION ( 'NONE',  ( 0.000000000000000000, 1.000000000000000000, 0.000000000000000000 ) ) ;
#985 = DIRECTION ( 'NONE',  ( -0.000000000000000000, -1.000000000000000000, -0.000000000000000000 ) ) ;
#986 = ORIENTED_EDGE ( 'NONE', *, *, #1331, .F. ) ;
#987 = SURFACE_STYLE_FILL_AREA ( #1216 ) ;
#988 = VERTEX_POINT ( 'NONE', #1279 ) ;
#989 = DIRECTION ( 'NONE',  ( 0.000000000000000000, -0.000000000000000000, -1.000000000000000000 ) ) ;
#990 = CYLINDRICAL_SURFACE ( 'NONE', #454, 29.00000000000000000 ) ;
#991 = EDGE_LOOP ( 'NONE', ( #1399, #1154 ) ) ;
#992 = EDGE_CURVE ( 'NONE', #1151, #1109, #307, .T. ) ;
#993 = SHAPE_REPRESENTATION ( 'Inner Raceway', ( #905 ), #182 ) ;
#994 =( LENGTH_UNIT ( ) NAMED_UNIT ( * ) SI_UNIT ( .MILLI., .METRE. ) );
#995 =( REPRESENTATION_RELATIONSHIP ('NONE','NONE', #1431, #955 ) REPRESENTATION_RELATIONSHIP_WITH_TRANSFORMATION ( #1420 )SHAPE_REPRESENTATION_RELATIONSHIP( ) );
#996 = CARTESIAN_POINT ( 'NONE',  ( 0.000000000000000000, 8.000000000000000000, 0.000000000000000000 ) ) ;
#997 = VECTOR ( 'NONE', #1242, 1000.000000000000000 ) ;
#998 = ORIENTED_EDGE ( 'NONE', *, *, #1437, .T. ) ;
#999 = FACE_OUTER_BOUND ( 'NONE', #799, .T. ) ;
#1000 = VECTOR ( 'NONE', #763, 1000.000000000000000 ) ;
#1001 = VECTOR ( 'NONE', #1167, 1000.000000000000000 ) ;
#1002 = FACE_OUTER_BOUND ( 'NONE', #1409, .T. ) ;
#1003 = STYLED_ITEM ( 'NONE', ( #1485 ), #77 ) ;
#1004 = VERTEX_POINT ( 'NONE', #292 ) ;
#1005 = ADVANCED_FACE ( 'NONE', ( #1049 ), #207, .F. ) ;
#1006 = DIRECTION ( 'NONE',  ( 0.2756373558170151505, 1.608375306650052798E-17, -0.9612616959383144533 ) ) ;
#1007 = FACE_OUTER_BOUND ( 'NONE', #545, .T. ) ;
#1008 = DIRECTION ( 'NONE',  ( 0.000000000000000000, -1.000000000000000000, 0.000000000000000000 ) ) ;
#1009 = TOROIDAL_SURFACE ( 'NONE', #506, 25.25000000000000000, 2.750000000000000000 ) ;
#1010 = DIRECTION ( 'NONE',  ( 0.000000000000000000, 1.000000000000000000, -0.000000000000000000 ) ) ;
#1011 = ORIENTED_EDGE ( 'NONE', *, *, #79, .F. ) ;
#1012 = EDGE_CURVE ( 'NONE', #1004, #353, #687, .T. ) ;
#1013 = SURFACE_STYLE_FILL_AREA ( #1040 ) ;
#1014 = PLANE ( 'NONE',  #1453 ) ;
#1015 = DIRECTION ( 'NONE',  ( 0.000000000000000000, 0.000000000000000000, -1.000000000000000000 ) ) ;
#1016 = DIRECTION ( 'NONE',  ( 0.000000000000000000, 1.000000000000000000, 0.000000000000000000 ) ) ;
#1017 = ORIENTED_EDGE ( 'NONE', *, *, #1103, .F. ) ;
#1018 = PRODUCT ( 'Arc Enclosed Ball Bearing', 'Arc Enclosed Ball Bearing', '', ( #288 ) ) ;
#1019 = CARTESIAN_POINT ( 'NONE',  ( 0.000000000000000000, 3.399999999999999911, 0.000000000000000000 ) ) ;
#1020 = DIRECTION ( 'NONE',  ( 0.000000000000000000, 0.000000000000000000, 1.000000000000000000 ) ) ;
#1021 = DIRECTION ( 'NONE',  ( -0.000000000000000000, -1.000000000000000000, -0.000000000000000000 ) ) ;
#1022 = ADVANCED_FACE ( 'NONE', ( #1360 ), #1377, .F. ) ;
#1023 = DIRECTION ( 'NONE',  ( 0.000000000000000000, 1.000000000000000000, -0.000000000000000000 ) ) ;
#1024 = AXIS2_PLACEMENT_3D ( 'NONE', #790, #1023, #897 ) ;
#1025 = VERTEX_POINT ( 'NONE', #1263 ) ;
#1026 = AXIS2_PLACEMENT_3D ( 'NONE', #660, #457, #1379 ) ;
#1027 = APPLICATION_PROTOCOL_DEFINITION ( 'draft international standard', 'automotive_design', 1998, #840 ) ;
#1028 = ORIENTED_EDGE ( 'NONE', *, *, #1124, .F. ) ;
#1029 = AXIS2_PLACEMENT_3D ( 'NONE', #253, #685, #565 ) ;
#1030 = LINE ( 'NONE', #1504, #329 ) ;
#1031 = DIRECTION ( 'NONE',  ( 0.000000000000000000, -1.000000000000000000, 0.000000000000000000 ) ) ;
#1032 = DIRECTION ( 'NONE',  ( -0.5735764363510480468, -2.680936281055065976E-15, -0.8191520442889903553 ) ) ;
#1033 = EDGE_CURVE ( 'NONE', #142, #943, #566, .T. ) ;
#1034 = AXIS2_PLACEMENT_3D ( 'NONE', #476, #1228, #11 ) ;
#1035 = DIRECTION ( 'NONE',  ( -0.7071067811865484609, 0.000000000000000000, 0.7071067811865465735 ) ) ;
#1036 = ORIENTED_EDGE ( 'NONE', *, *, #1296, .T. ) ;
#1037 = PRODUCT_DEFINITION_FORMATION_WITH_SPECIFIED_SOURCE ( 'ANY', '', #961, .NOT_KNOWN. ) ;
#1038 =( NAMED_UNIT ( * ) PLANE_ANGLE_UNIT ( ) SI_UNIT ( $, .RADIAN. ) );
#1039 = VERTEX_POINT ( 'NONE', #172 ) ;
#1040 = FILL_AREA_STYLE ('',( #1237 ) ) ;
#1041 = DIRECTION ( 'NONE',  ( -0.000000000000000000, 1.000000000000000000, -0.000000000000000000 ) ) ;
#1042 = DIRECTION ( 'NONE',  ( 0.000000000000000000, 0.000000000000000000, -1.000000000000000000 ) ) ;
#1043 = CARTESIAN_POINT ( 'NONE',  ( -22.83903866075223021, 10.00000000000000000, -22.05540326207309221 ) ) ;
#1044 = ORIENTED_EDGE ( 'NONE', *, *, #341, .F. ) ;
#1045 = PRODUCT_RELATED_PRODUCT_CATEGORY ( 'part', '', ( #961 ) ) ;
#1046 = EDGE_LOOP ( 'NONE', ( #645, #1208, #998, #1312 ) ) ;
#1047 = FACE_OUTER_BOUND ( 'NONE', #398, .T. ) ;
#1048 = DIRECTION ( 'NONE',  ( 0.000000000000000000, 0.000000000000000000, 1.000000000000000000 ) ) ;
#1049 = FACE_OUTER_BOUND ( 'NONE', #1286, .T. ) ;
#1050 = CARTESIAN_POINT ( 'NONE',  ( 0.000000000000000000, 7.599999999999999645, 0.000000000000000000 ) ) ;
#1051 = VERTEX_POINT ( 'NONE', #952 ) ;
#1052 = UNCERTAINTY_MEASURE_WITH_UNIT (LENGTH_MEASURE( 1.000000000000000082E-05 ), #1424, 'distance_accuracy_value', 'NONE');
#1053 = CONTEXT_DEPENDENT_SHAPE_REPRESENTATION ( #915, #128 ) ;
#1054 = ORIENTED_EDGE ( 'NONE', *, *, #13, .F. ) ;
#1055 = AXIS2_PLACEMENT_3D ( 'NONE', #1315, #1173, #820 ) ;
#1056 = CARTESIAN_POINT ( 'NONE',  ( 0.000000000000000000, 6.000000000000000000, 0.000000000000000000 ) ) ;
#1057 = PRESENTATION_STYLE_ASSIGNMENT (( #1417 ) ) ;
#1058 = CARTESIAN_POINT ( 'NONE',  ( 0.000000000000000000, 7.599999999999999645, 0.000000000000000000 ) ) ;
#1059 = ORIENTED_EDGE ( 'NONE', *, *, #722, .T. ) ;
#1060 = CONTEXT_DEPENDENT_SHAPE_REPRESENTATION ( #995, #1199 ) ;
#1061 = CIRCLE ( 'NONE', #359, 26.25000000000000355 ) ;
#1062 = ORIENTED_EDGE ( 'NONE', *, *, #965, .F. ) ;
#1063 = ADVANCED_FACE ( 'NONE', ( #698 ), #231, .F. ) ;
#1064 = SURFACE_STYLE_FILL_AREA ( #959 ) ;
#1065 = CARTESIAN_POINT ( 'NONE',  ( 19.76394663246966132, -5.000000000000000000, -16.58392032991267584 ) ) ;
#1066 = EDGE_LOOP ( 'NONE', ( #467, #1462, #458, #461 ) ) ;
#1067 = VERTEX_POINT ( 'NONE', #366 ) ;
#1068 = DIRECTION ( 'NONE',  ( 0.000000000000000000, -1.000000000000000000, 0.000000000000000000 ) ) ;
#1069 = CARTESIAN_POINT ( 'NONE',  ( 22.45064030267291599, -10.00000000000000000, -22.45064030267284849 ) ) ;
#1070 = DIRECTION ( 'NONE',  ( -0.7193398003386527462, -0.000000000000000000, -0.6946583704589955888 ) ) ;
#1071 = CIRCLE ( 'NONE', #594, 22.80000000000000426 ) ;
#1072 = ORIENTED_EDGE ( 'NONE', *, *, #451, .T. ) ;
#1073 = LINE ( 'NONE', #707, #232 ) ;
#1074 = CIRCLE ( 'NONE', #574, 29.00000000000000000 ) ;
#1075 = APPLICATION_CONTEXT ( 'automotive_design' ) ;
#1076 = DIRECTION ( 'NONE',  ( 0.000000000000000000, 1.000000000000000000, 0.000000000000000000 ) ) ;
#1077 = CARTESIAN_POINT ( 'NONE',  ( -14.91298734512724522, 5.000000000000000000, -21.29795315151376656 ) ) ;
#1078 = EDGE_CURVE ( 'NONE', #696, #1151, #1083, .T. ) ;
#1079 = FACE_BOUND ( 'NONE', #81, .T. ) ;
#1080 = ORIENTED_EDGE ( 'NONE', *, *, #715, .T. ) ;
#1081 = CIRCLE ( 'NONE', #74, 26.25000000000000355 ) ;
#1082 = AXIS2_PLACEMENT_3D ( 'NONE', #195, #766, #805 ) ;
#1083 = LINE ( 'NONE', #1301, #1181 ) ;
#1084 = DIRECTION ( 'NONE',  ( 0.000000000000000000, -1.000000000000000000, 0.000000000000000000 ) ) ;
#1085 = FACE_OUTER_BOUND ( 'NONE', #146, .T. ) ;
#1086 = ORIENTED_EDGE ( 'NONE', *, *, #722, .F. ) ;
#1087 = PRODUCT_DEFINITION ( 'UNKNOWN', '', #1037, #1497 ) ;
#1088 = CARTESIAN_POINT ( 'NONE',  ( -16.63371665418037892, 0.6500000000000000222, -23.75540928438073607 ) ) ;
#1089 = VERTEX_POINT ( 'NONE', #845 ) ;
#1090 = CARTESIAN_POINT ( 'NONE',  ( 0.000000000000000000, 7.599999999999999645, 0.000000000000000000 ) ) ;
#1091 = FACE_OUTER_BOUND ( 'NONE', #1046, .T. ) ;
#1092 = EDGE_LOOP ( 'NONE', ( #122, #82, #468, #568, #668, #1419 ) ) ;
#1093 = VECTOR ( 'NONE', #1211, 1000.000000000000000 ) ;
#1094 = EDGE_CURVE ( 'NONE', #1194, #313, #230, .T. ) ;
#1095 = DIRECTION ( 'NONE',  ( 0.000000000000000000, -1.000000000000000000, 0.000000000000000000 ) ) ;
#1096 = ORIENTED_EDGE ( 'NONE', *, *, #1288, .T. ) ;
#1097 = VECTOR ( 'NONE', #1310, 1000.000000000000000 ) ;
#1098 = DIRECTION ( 'NONE',  ( 0.7660444431189791237, 0.000000000000000000, -0.6427876096865379196 ) ) ;
#1099 = DIRECTION ( 'NONE',  ( 0.000000000000000000, 0.000000000000000000, 1.000000000000000000 ) ) ;
#1100 = ORIENTED_EDGE ( 'NONE', *, *, #1175, .T. ) ;
#1101 =( LENGTH_UNIT ( ) NAMED_UNIT ( * ) SI_UNIT ( .MILLI., .METRE. ) );
#1102 = CARTESIAN_POINT ( 'NONE',  ( 0.000000000000000000, 6.000000000000000000, -22.80000000000000426 ) ) ;
#1103 = EDGE_CURVE ( 'NONE', #1384, #493, #1061, .T. ) ;
#1104 = AXIS2_PLACEMENT_3D ( 'NONE', #1156, #1278, #347 ) ;
#1105 = ORIENTED_EDGE ( 'NONE', *, *, #1114, .T. ) ;
#1106 = DIRECTION ( 'NONE',  ( 0.000000000000000000, -1.000000000000000000, 0.000000000000000000 ) ) ;
#1107 = EDGE_CURVE ( 'NONE', #1051, #127, #1404, .T. ) ;
#1108 = LINE ( 'NONE', #25, #118 ) ;
#1109 = VERTEX_POINT ( 'NONE', #221 ) ;
#1110 = CYLINDRICAL_SURFACE ( 'NONE', #881, 20.00000000000001421 ) ;
#1111 = MANIFOLD_SOLID_BREP ( 'Boss-Extrude3', #403 ) ;
#1112 = VERTEX_POINT ( 'NONE', #90 ) ;
#1113 = SPHERICAL_SURFACE ( 'NONE', #193, 3.000000000000000444 ) ;
#1114 = EDGE_CURVE ( 'NONE', #577, #313, #463, .T. ) ;
#1115 = CARTESIAN_POINT ( 'NONE',  ( 0.000000000000000000, -5.000000000000000000, 0.000000000000000000 ) ) ;
#1116 = EDGE_LOOP ( 'NONE', ( #602, #853, #497, #1519 ) ) ;
#1117 = DIRECTION ( 'NONE',  ( 0.000000000000000000, 0.000000000000000000, 1.000000000000000000 ) ) ;
#1118 = CARTESIAN_POINT ( 'NONE',  ( 16.12203461105330859, 8.000000000000000000, -16.12203461105326241 ) ) ;
#1119 = MANIFOLD_SOLID_BREP ( 'Mirror3', #1423 ) ;
#1120 = LINE ( 'NONE', #275, #753 ) ;
#1121 = CIRCLE ( 'NONE', #92, 2.749999999999999112 ) ;
#1122 = AXIS2_PLACEMENT_3D ( 'NONE', #1115, #201, #422 ) ;
#1123 = DIRECTION ( 'NONE',  ( 0.000000000000000000, 0.000000000000000000, 1.000000000000000000 ) ) ;
#1124 = EDGE_CURVE ( 'NONE', #337, #511, #818, .T. ) ;
#1125 = ORIENTED_EDGE ( 'NONE', *, *, #1114, .F. ) ;
#1126 = APPLICATION_PROTOCOL_DEFINITION ( 'draft international standard', 'automotive_design', 1998, #642 ) ;
#1127 = CARTESIAN_POINT ( 'NONE',  ( 0.000000000000000000, -3.399999999999999911, 0.000000000000000000 ) ) ;
#1128 = DIRECTION ( 'NONE',  ( -0.000000000000000000, -1.000000000000000000, -0.000000000000000000 ) ) ;
#1129 = DIRECTION ( 'NONE',  ( -0.9396926207859093161, 0.000000000000000000, 0.3420201433256662704 ) ) ;
#1130 = AXIS2_PLACEMENT_3D ( 'NONE', #1536, #813, #1551 ) ;
#1131 = AXIS2_PLACEMENT_3D ( 'NONE', #665, #437, #1386 ) ;
#1132 = FACE_OUTER_BOUND ( 'NONE', #1235, .T. ) ;
#1133 = CARTESIAN_POINT ( 'NONE',  ( 14.14213562373098299, -5.000000000000000000, -14.14213562373093858 ) ) ;
#1134 = ORIENTED_EDGE ( 'NONE', *, *, #178, .F. ) ;
#1135 = PRODUCT_RELATED_PRODUCT_CATEGORY ( 'part', '', ( #1018 ) ) ;
#1136 = ORIENTED_EDGE ( 'NONE', *, *, #1107, .F. ) ;
#1137 = LINE ( 'NONE', #539, #335 ) ;
#1138 = DIRECTION ( 'NONE',  ( 0.000000000000000000, 1.000000000000000000, 0.000000000000000000 ) ) ;
#1139 = DIRECTION ( 'NONE',  ( 0.000000000000000000, -1.000000000000000000, 0.000000000000000000 ) ) ;
#1140 = ORIENTED_EDGE ( 'NONE', *, *, #1185, .T. ) ;
#1141 = UNCERTAINTY_MEASURE_WITH_UNIT (LENGTH_MEASURE( 1.000000000000000082E-05 ), #1178, 'distance_accuracy_value', 'NONE');
#1142 = APPLICATION_PROTOCOL_DEFINITION ( 'draft international standard', 'automotive_design', 1998, #786 ) ;
#1143 = ORIENTED_EDGE ( 'NONE', *, *, #965, .T. ) ;
#1144 = DIRECTION ( 'NONE',  ( -0.9396926207859095381, 1.774149009521734564E-15, -0.3420201433256654378 ) ) ;
#1145 = CYLINDRICAL_SURFACE ( 'NONE', #1259, 25.80000000000000426 ) ;
#1146 = EDGE_CURVE ( 'NONE', #257, #957, #784, .T. ) ;
#1147 = DIRECTION ( 'NONE',  ( -0.5735764363510468256, 0.000000000000000000, 0.8191520442889912434 ) ) ;
#1148 = VECTOR ( 'NONE', #1427, 1000.000000000000114 ) ;
#1149 = CARTESIAN_POINT ( 'NONE',  ( 0.000000000000000000, -5.000000000000000000, 25.80000000000000426 ) ) ;
#1150 = VECTOR ( 'NONE', #1035, 1000.000000000000114 ) ;
#1151 = VERTEX_POINT ( 'NONE', #624 ) ;
#1152 = CIRCLE ( 'NONE', #1527, 2.749999999999999112 ) ;
#1153 = CARTESIAN_POINT ( 'NONE',  ( -7.297306618500850059E-14, -0.4000000000000007994, -5.851453731383445736E-14 ) ) ;
#1154 = ORIENTED_EDGE ( 'NONE', *, *, #1348, .T. ) ;
#1155 = DIRECTION ( 'NONE',  ( -0.000000000000000000, -1.000000000000000000, -0.000000000000000000 ) ) ;
#1156 = CARTESIAN_POINT ( 'NONE',  ( 0.000000000000000000, 7.599999999999999645, 0.000000000000000000 ) ) ;
#1157 = LINE ( 'NONE', #896, #650 ) ;
#1158 =( REPRESENTATION_RELATIONSHIP ('NONE','NONE', #1431, #993 ) REPRESENTATION_RELATIONSHIP_WITH_TRANSFORMATION ( #218 )SHAPE_REPRESENTATION_RELATIONSHIP( ) );
#1159 = AXIS2_PLACEMENT_3D ( 'NONE', #318, #1387, #1147 ) ;
#1160 = EDGE_CURVE ( 'NONE', #599, #1039, #434, .T. ) ;
#1161 = CARTESIAN_POINT ( 'NONE',  ( 0.000000000000000000, 3.399999999999999911, 0.000000000000000000 ) ) ;
#1162 = VERTEX_POINT ( 'NONE', #1102 ) ;
#1163 = AXIS2_PLACEMENT_3D ( 'NONE', #533, #42, #1253 ) ;
#1164 = ORIENTED_EDGE ( 'NONE', *, *, #1391, .T. ) ;
#1165 = DIRECTION ( 'NONE',  ( -0.000000000000000000, -1.000000000000000000, -0.000000000000000000 ) ) ;
#1166 = CARTESIAN_POINT ( 'NONE',  ( 0.000000000000000000, 3.399999999999999911, 0.000000000000000000 ) ) ;
#1167 = DIRECTION ( 'NONE',  ( 0.000000000000000000, 1.000000000000000000, 0.000000000000000000 ) ) ;
#1168 = ORIENTED_EDGE ( 'NONE', *, *, #695, .T. ) ;
#1169 = EDGE_CURVE ( 'NONE', #702, #760, #1328, .T. ) ;
#1170 = ORIENTED_EDGE ( 'NONE', *, *, #431, .F. ) ;
#1171 = CARTESIAN_POINT ( 'NONE',  ( 0.000000000000000000, 6.000000000000000000, 0.000000000000000000 ) ) ;
#1172 = CIRCLE ( 'NONE', #1215, 20.00000000000001421 ) ;
#1173 = DIRECTION ( 'NONE',  ( 0.000000000000000000, -1.000000000000000000, 0.000000000000000000 ) ) ;
#1174 = ORIENTED_EDGE ( 'NONE', *, *, #421, .T. ) ;
#1175 = EDGE_CURVE ( 'NONE', #6, #702, #1281, .T. ) ;
#1176 = EDGE_LOOP ( 'NONE', ( #1503, #88, #764, #1174 ) ) ;
#1177 = ADVANCED_FACE ( 'NONE', ( #966 ), #1009, .F. ) ;
#1178 =( LENGTH_UNIT ( ) NAMED_UNIT ( * ) SI_UNIT ( .MILLI., .METRE. ) );
#1179 = CARTESIAN_POINT ( 'NONE',  ( 0.000000000000000000, -3.399999999999999911, -26.25000000000000355 ) ) ;
#1180 = ORIENTED_EDGE ( 'NONE', *, *, #226, .T. ) ;
#1181 = VECTOR ( 'NONE', #1076, 1000.000000000000000 ) ;
#1182 = SHAPE_DEFINITION_REPRESENTATION ( #971, #892 ) ;
#1183 = ORIENTED_EDGE ( 'NONE', *, *, #356, .T. ) ;
#1184 = DIRECTION ( 'NONE',  ( 0.000000000000000000, 0.000000000000000000, 1.000000000000000000 ) ) ;
#1185 = EDGE_CURVE ( 'NONE', #1112, #948, #149, .T. ) ;
#1186 = FILL_AREA_STYLE_COLOUR ( '', #125 ) ;
#1187 = DIRECTION ( 'NONE',  ( 0.000000000000000000, -1.000000000000000000, 0.000000000000000000 ) ) ;
#1188 = DIRECTION ( 'NONE',  ( 0.000000000000000000, 0.000000000000000000, -1.000000000000000000 ) ) ;
#1189 = EDGE_LOOP ( 'NONE', ( #315, #3, #1168, #811, #690, #1372 ) ) ;
#1190 = DIRECTION ( 'NONE',  ( 1.000000000000000000, 0.000000000000000000, 0.000000000000000000 ) ) ;
#1191 = ADVANCED_FACE ( 'NONE', ( #868 ), #405, .T. ) ;
#1192 = CARTESIAN_POINT ( 'NONE',  ( -24.24406961627646595, 3.399999999999999911, -8.824119697802183637 ) ) ;
#1193 = DIRECTION ( 'NONE',  ( 0.000000000000000000, -1.000000000000000000, 0.000000000000000000 ) ) ;
#1194 = VERTEX_POINT ( 'NONE', #737 ) ;
#1195 = FILL_AREA_STYLE_COLOUR ( '', #19 ) ;
#1196 = VECTOR ( 'NONE', #48, 1000.000000000000000 ) ;
#1197 = SURFACE_STYLE_USAGE ( .BOTH. , #106 ) ;
#1198 = AXIS2_PLACEMENT_3D ( 'NONE', #1385, #426, #534 ) ;
#1199 = PRODUCT_DEFINITION_SHAPE ( 'NONE', 'NONE',  #1559 ) ;
#1200 = DIRECTION ( 'NONE',  ( 0.000000000000000000, 1.000000000000000000, -0.000000000000000000 ) ) ;
#1201 = DIRECTION ( 'NONE',  ( 0.000000000000000000, -1.000000000000000000, 0.000000000000000000 ) ) ;
#1202 = ORIENTED_EDGE ( 'NONE', *, *, #944, .T. ) ;
#1203 = AXIS2_PLACEMENT_3D ( 'NONE', #1433, #482, #931 ) ;
#1204 = CARTESIAN_POINT ( 'NONE',  ( 16.12203461105330859, 8.000000000000000000, -16.12203461105326241 ) ) ;
#1205 = PRODUCT_DEFINITION_SHAPE ( 'NONE', 'NONE',  #1449 ) ;
#1206 = LINE ( 'NONE', #976, #798 ) ;
#1207 = DIRECTION ( 'NONE',  ( 0.000000000000000000, 1.000000000000000000, 0.000000000000000000 ) ) ;
#1208 = ORIENTED_EDGE ( 'NONE', *, *, #443, .F. ) ;
#1209 = LINE ( 'NONE', #749, #681 ) ;
#1210 = ORIENTED_EDGE ( 'NONE', *, *, #695, .F. ) ;
#1211 = DIRECTION ( 'NONE',  ( -0.5735764363510472696, 0.000000000000000000, 0.8191520442889909104 ) ) ;
#1212 = CARTESIAN_POINT ( 'NONE',  ( 0.000000000000000000, -0.6500000000000000222, -26.25000000000000355 ) ) ;
#1213 = ORIENTED_EDGE ( 'NONE', *, *, #806, .F. ) ;
#1214 = ADVANCED_FACE ( 'NONE', ( #1552 ), #1110, .F. ) ;
#1215 = AXIS2_PLACEMENT_3D ( 'NONE', #863, #29, #285 ) ;
#1216 = FILL_AREA_STYLE ('',( #494 ) ) ;
#1217 = EDGE_CURVE ( 'NONE', #586, #1339, #1209, .T. ) ;
#1218 = DIRECTION ( 'NONE',  ( 0.000000000000000000, 0.000000000000000000, 1.000000000000000000 ) ) ;
#1219 = AXIS2_PLACEMENT_3D ( 'NONE', #1050, #561, #567 ) ;
#1220 = ORIENTED_EDGE ( 'NONE', *, *, #380, .F. ) ;
#1221 = CIRCLE ( 'NONE', #1371, 29.00000000000000000 ) ;
#1222 = DIRECTION ( 'NONE',  ( -0.000000000000000000, -1.000000000000000000, -0.000000000000000000 ) ) ;
#1223 = AXIS2_PLACEMENT_3D ( 'NONE', #591, #374, #711 ) ;
#1224 = DIRECTION ( 'NONE',  ( 0.5735764363510472696, 0.000000000000000000, -0.8191520442889909104 ) ) ;
#1225 = ORIENTED_EDGE ( 'NONE', *, *, #1185, .F. ) ;
#1226 =( NAMED_UNIT ( * ) PLANE_ANGLE_UNIT ( ) SI_UNIT ( $, .RADIAN. ) );
#1227 = PRESENTATION_LAYER_ASSIGNMENT (  '', '', ( #334 ) ) ;
#1228 = DIRECTION ( 'NONE',  ( -0.000000000000000000, 1.000000000000000000, -0.000000000000000000 ) ) ;
#1229 = ADVANCED_FACE ( 'NONE', ( #1351 ), #153, .T. ) ;
#1230 = VERTEX_POINT ( 'NONE', #981 ) ;
#1231 = PRESENTATION_LAYER_ASSIGNMENT (  '', '', ( #78 ) ) ;
#1232 = CARTESIAN_POINT ( 'NONE',  ( 0.000000000000000000, 0.000000000000000000, 0.000000000000000000 ) ) ;
#1233 = APPLICATION_CONTEXT ( 'automotive_design' ) ;
#1234 = DIRECTION ( 'NONE',  ( 0.000000000000000000, -1.000000000000000000, 0.000000000000000000 ) ) ;
#1235 = EDGE_LOOP ( 'NONE', ( #1140, #1266, #95, #473, #216 ) ) ;
#1236 =( NAMED_UNIT ( * ) SI_UNIT ( $, .STERADIAN. ) SOLID_ANGLE_UNIT ( ) );
#1237 = FILL_AREA_STYLE_COLOUR ( '', #94 ) ;
#1238 = DIRECTION ( 'NONE',  ( -0.7660444431189795678, 0.000000000000000000, -0.6427876096865374755 ) ) ;
#1239 = VERTEX_POINT ( 'NONE', #129 ) ;
#1240 = PRODUCT_DEFINITION_SHAPE ( 'NONE', 'NONE',  #1558 ) ;
#1241 = EDGE_CURVE ( 'NONE', #243, #655, #1081, .T. ) ;
#1242 = DIRECTION ( 'NONE',  ( 0.000000000000000000, 1.000000000000000000, 0.000000000000000000 ) ) ;
#1243 = CARTESIAN_POINT ( 'NONE',  ( -14.38679600677306425, -5.000000000000000000, -13.89316740917992199 ) ) ;
#1244 = VERTEX_POINT ( 'NONE', #1088 ) ;
#1245 = CARTESIAN_POINT ( 'NONE',  ( -23.72723867484421589, -0.6500000000000000222, -8.636008618973059825 ) ) ;
#1246 = FACE_OUTER_BOUND ( 'NONE', #219, .T. ) ;
#1247 = DIRECTION ( 'NONE',  ( 0.000000000000000000, 1.000000000000000000, 0.000000000000000000 ) ) ;
#1248 = CIRCLE ( 'NONE', #827, 25.25000000000000000 ) ;
#1249 = DIRECTION ( 'NONE',  ( -0.000000000000000000, -1.000000000000000000, -0.000000000000000000 ) ) ;
#1250 = AXIS2_PLACEMENT_3D ( 'NONE', #1019, #1165, #1188 ) ;
#1251 = ORIENTED_EDGE ( 'NONE', *, *, #1033, .F. ) ;
#1252 = ADVANCED_FACE ( 'NONE', ( #1335 ), #878, .T. ) ;
#1253 = DIRECTION ( 'NONE',  ( -0.8377103246688132332, 3.524328020320155925E-16, 0.5461148340260235656 ) ) ;
#1254 = DIRECTION ( 'NONE',  ( 0.000000000000000000, 0.000000000000000000, 1.000000000000000000 ) ) ;
#1255 = CARTESIAN_POINT ( 'NONE',  ( 0.000000000000000000, -5.000000000000000000, 0.000000000000000000 ) ) ;
#1256 =( GEOMETRIC_REPRESENTATION_CONTEXT ( 3 ) GLOBAL_UNCERTAINTY_ASSIGNED_CONTEXT ( ( #1141 ) ) GLOBAL_UNIT_ASSIGNED_CONTEXT ( ( #1178, #1542, #692 ) ) REPRESENTATION_CONTEXT ( 'NONE', 'WORKASPACE' ) );
#1257 = DIRECTION ( 'NONE',  ( -0.000000000000000000, -1.000000000000000000, -0.000000000000000000 ) ) ;
#1258 = AXIS2_PLACEMENT_3D ( 'NONE', #1292, #593, #1410 ) ;
#1259 = AXIS2_PLACEMENT_3D ( 'NONE', #886, #1041, #1268 ) ;
#1260 = DIRECTION ( 'NONE',  ( -1.224646799147353207E-16, -1.000000000000000000, -0.000000000000000000 ) ) ;
#1261 = EDGE_LOOP ( 'NONE', ( #410, #756, #1100, #782 ) ) ;
#1262 = LINE ( 'NONE', #549, #1508 ) ;
#1263 = CARTESIAN_POINT ( 'NONE',  ( 14.14213562373098299, -10.00000000000000000, -14.14213562373093858 ) ) ;
#1264 = DIRECTION ( 'NONE',  ( 0.000000000000000000, 0.000000000000000000, 1.000000000000000000 ) ) ;
#1265 = ORIENTED_EDGE ( 'NONE', *, *, #634, .T. ) ;
#1266 = ORIENTED_EDGE ( 'NONE', *, *, #688, .F. ) ;
#1267 = CARTESIAN_POINT ( 'NONE',  ( 14.91298734512722746, -3.400000000000000355, -21.29795315151376656 ) ) ;
#1268 = DIRECTION ( 'NONE',  ( 0.000000000000000000, 0.000000000000000000, 1.000000000000000000 ) ) ;
#1269 = EDGE_CURVE ( 'NONE', #1230, #255, #641, .T. ) ;
#1270 = CARTESIAN_POINT ( 'NONE',  ( 0.000000000000000000, 8.000000000000000000, 0.000000000000000000 ) ) ;
#1271 = TOROIDAL_SURFACE ( 'NONE', #1467, 26.25000000000000355, 2.750000000000000000 ) ;
#1272 = FACE_OUTER_BOUND ( 'NONE', #946, .T. ) ;
#1273 = CIRCLE ( 'NONE', #352, 22.80000000000000426 ) ;
#1274 = EDGE_LOOP ( 'NONE', ( #1220, #830, #185, #1540 ) ) ;
#1275 = ITEM_DEFINED_TRANSFORMATION ( 'NONE', 'NONE', #908,  #905 ) ;
#1276 = VERTEX_POINT ( 'NONE', #849 ) ;
#1277 = LINE ( 'NONE', #734, #828 ) ;
#1278 = DIRECTION ( 'NONE',  ( 0.000000000000000000, 1.000000000000000000, -0.000000000000000000 ) ) ;
#1279 = CARTESIAN_POINT ( 'NONE',  ( 23.72723867484421234, -3.400000000000000355, -8.636008618973074036 ) ) ;
#1280 = EDGE_CURVE ( 'NONE', #1329, #379, #727, .T. ) ;
#1281 = CIRCLE ( 'NONE', #855, 23.19999999999999574 ) ;
#1282 = CARTESIAN_POINT ( 'NONE',  ( 14.14213562373098299, 10.00000000000000000, -14.14213562373093858 ) ) ;
#1283 = AXIS2_PLACEMENT_3D ( 'NONE', #901, #1375, #675 ) ;
#1284 = ORIENTED_EDGE ( 'NONE', *, *, #515, .F. ) ;
#1285 = CONTEXT_DEPENDENT_SHAPE_REPRESENTATION ( #703, #623 ) ;
#1286 = EDGE_LOOP ( 'NONE', ( #1096, #278, #103, #793, #592, #1170 ) ) ;
#1287 = DIRECTION ( 'NONE',  ( 1.776356839400250465E-15, 0.000000000000000000, 1.000000000000000000 ) ) ;
#1288 = EDGE_CURVE ( 'NONE', #562, #866, #1454, .T. ) ;
#1289 = DIRECTION ( 'NONE',  ( 0.000000000000000000, 1.000000000000000000, 0.000000000000000000 ) ) ;
#1290 = ORIENTED_EDGE ( 'NONE', *, *, #1437, .F. ) ;
#1291 = VERTEX_POINT ( 'NONE', #972 ) ;
#1292 = CARTESIAN_POINT ( 'NONE',  ( 0.000000000000000000, -5.000000000000000000, 0.000000000000000000 ) ) ;
#1293 = CARTESIAN_POINT ( 'NONE',  ( 0.000000000000000000, 10.00000000000000000, 0.000000000000000000 ) ) ;
#1294 = LINE ( 'NONE', #1077, #672 ) ;
#1295 = ORIENTED_EDGE ( 'NONE', *, *, #451, .F. ) ;
#1296 = EDGE_CURVE ( 'NONE', #1436, #1089, #98, .T. ) ;
#1297 = ORIENTED_EDGE ( 'NONE', *, *, #677, .T. ) ;
#1298 = AXIS2_PLACEMENT_3D ( 'NONE', #390, #294, #1332 ) ;
#1299 = FACE_OUTER_BOUND ( 'NONE', #93, .T. ) ;
#1300 = CIRCLE ( 'NONE', #1398, 26.00000000000000355 ) ;
#1301 = CARTESIAN_POINT ( 'NONE',  ( 22.45064030267291955, 5.000000000000000000, -22.45064030267284494 ) ) ;
#1302 = CYLINDRICAL_SURFACE ( 'NONE', #499, 23.19999999999999574 ) ;
#1303 = ORIENTED_EDGE ( 'NONE', *, *, #1465, .T. ) ;
#1304 = AXIS2_PLACEMENT_3D ( 'NONE', #902, #64, #183 ) ;
#1305 = CYLINDRICAL_SURFACE ( 'NONE', #501, 26.00000000000000355 ) ;
#1306 = COLOUR_RGB ( '',0.7921568627450980005, 0.8196078431372548767, 0.9333333333333333481 ) ;
#1307 = ORIENTED_EDGE ( 'NONE', *, *, #1309, .T. ) ;
#1308 = AXIS2_PLACEMENT_3D ( 'NONE', #1373, #1117, #306 ) ;
#1309 = EDGE_CURVE ( 'NONE', #142, #243, #17, .T. ) ;
#1310 = DIRECTION ( 'NONE',  ( 0.000000000000000000, 1.000000000000000000, 0.000000000000000000 ) ) ;
#1311 = CARTESIAN_POINT ( 'NONE',  ( -22.83903866075223021, 5.000000000000000000, -22.05540326207311708 ) ) ;
#1312 = ORIENTED_EDGE ( 'NONE', *, *, #664, .F. ) ;
#1313 = FILL_AREA_STYLE ('',( #349 ) ) ;
#1314 = PRODUCT_RELATED_PRODUCT_CATEGORY ( 'part', '', ( #732 ) ) ;
#1315 = CARTESIAN_POINT ( 'NONE',  ( 0.000000000000000000, -5.000000000000000000, 0.000000000000000000 ) ) ;
#1316 = CARTESIAN_POINT ( 'NONE',  ( 0.000000000000000000, 0.000000000000000000, 0.000000000000000000 ) ) ;
#1317 = ORIENTED_EDGE ( 'NONE', *, *, #1331, .T. ) ;
#1318 = VECTOR ( 'NONE', #266, 999.9999999999998863 ) ;
#1319 = DIRECTION ( 'NONE',  ( -0.7193398003386527462, 0.000000000000000000, -0.6946583704589955888 ) ) ;
#1320 = VECTOR ( 'NONE', #674, 1000.000000000000000 ) ;
#1321 = VERTEX_POINT ( 'NONE', #535 ) ;
#1322 = ADVANCED_FACE ( 'NONE', ( #1246 ), #1359, .T. ) ;
#1323 = CARTESIAN_POINT ( 'NONE',  ( -18.70283480880497962, 5.000000000000000000, -18.06111763193389663 ) ) ;
#1324 = ORIENTED_EDGE ( 'NONE', *, *, #1412, .T. ) ;
#1325 = PRESENTATION_LAYER_ASSIGNMENT (  '', '', ( #1476 ) ) ;
#1326 = PRESENTATION_STYLE_ASSIGNMENT (( #1340 ) ) ;
#1327 = CIRCLE ( 'NONE', #76, 25.80000000000000426 ) ;
#1328 = LINE ( 'NONE', #378, #1506 ) ;
#1329 = VERTEX_POINT ( 'NONE', #1118 ) ;
#1330 = CARTESIAN_POINT ( 'NONE',  ( 0.000000000000000000, 3.399999999999999911, 0.000000000000000000 ) ) ;
#1331 = EDGE_CURVE ( 'NONE', #1291, #154, #1505, .T. ) ;
#1332 = DIRECTION ( 'NONE',  ( 0.000000000000000000, 0.000000000000000000, 1.000000000000000000 ) ) ;
#1333 = ORIENTED_EDGE ( 'NONE', *, *, #1094, .T. ) ;
#1334 =( LENGTH_UNIT ( ) NAMED_UNIT ( * ) SI_UNIT ( .MILLI., .METRE. ) );
#1335 = FACE_OUTER_BOUND ( 'NONE', #166, .T. ) ;
#1336 = ORIENTED_EDGE ( 'NONE', *, *, #762, .F. ) ;
#1337 = LINE ( 'NONE', #1323, #997 ) ;
#1338 = DIRECTION ( 'NONE',  ( -0.000000000000000000, 1.000000000000000000, -0.000000000000000000 ) ) ;
#1339 = VERTEX_POINT ( 'NONE', #181 ) ;
#1340 = SURFACE_STYLE_USAGE ( .BOTH. , #979 ) ;
#1341 = VECTOR ( 'NONE', #1193, 1000.000000000000000 ) ;
#1342 = CARTESIAN_POINT ( 'NONE',  ( 0.000000000000000000, 0.000000000000000000, 0.000000000000000000 ) ) ;
#1343 = AXIS2_PLACEMENT_3D ( 'NONE', #967, #1, #491 ) ;
#1344 = VERTEX_POINT ( 'NONE', #299 ) ;
#1345 = DIRECTION ( 'NONE',  ( -0.000000000000000000, 1.000000000000000000, -0.000000000000000000 ) ) ;
#1346 = DIRECTION ( 'NONE',  ( -0.7193398003386527462, -0.000000000000000000, -0.6946583704589955888 ) ) ;
#1347 = VERTEX_POINT ( 'NONE', #559 ) ;
#1348 = EDGE_CURVE ( 'NONE', #1347, #936, #532, .T. ) ;
#1349 = AXIS2_PLACEMENT_3D ( 'NONE', #666, #302, #447 ) ;
#1350 = LINE ( 'NONE', #404, #1320 ) ;
#1351 = FACE_OUTER_BOUND ( 'NONE', #1549, .T. ) ;
#1352 = VECTOR ( 'NONE', #572, 1000.000000000000000 ) ;
#1353 = EDGE_LOOP ( 'NONE', ( #203, #202, #331, #1011, #815, #848, #638, #338, #909, #683 ) ) ;
#1354 = DIRECTION ( 'NONE',  ( 0.000000000000000000, 0.000000000000000000, 1.000000000000000000 ) ) ;
#1355 = CARTESIAN_POINT ( 'NONE',  ( 7.230241098114078439E-15, 0.000000000000000000, -7.487133833111584475E-15 ) ) ;
#1356 = ORIENTED_EDGE ( 'NONE', *, *, #252, .T. ) ;
#1357 = CARTESIAN_POINT ( 'NONE',  ( -25.88658699358366277, -0.3999999999999941380, -0.8334349546479031812 ) ) ;
#1358 = DIRECTION ( 'NONE',  ( 0.7071067811865486830, 0.000000000000000000, -0.7071067811865464625 ) ) ;
#1359 = CYLINDRICAL_SURFACE ( 'NONE', #754, 22.80000000000000426 ) ;
#1360 = FACE_OUTER_BOUND ( 'NONE', #192, .T. ) ;
#1361 = ADVANCED_FACE ( 'NONE', ( #1007 ), #1014, .F. ) ;
#1362 = PLANE ( 'NONE',  #328 ) ;
#1363 = ORIENTED_EDGE ( 'NONE', *, *, #947, .T. ) ;
#1364 =( LENGTH_UNIT ( ) NAMED_UNIT ( * ) SI_UNIT ( .MILLI., .METRE. ) );
#1365 = CARTESIAN_POINT ( 'NONE',  ( 0.000000000000000000, -3.399999999999999911, 0.000000000000000000 ) ) ;
#1366 = DIRECTION ( 'NONE',  ( -0.000000000000000000, 1.000000000000000000, -0.000000000000000000 ) ) ;
#1367 = CARTESIAN_POINT ( 'NONE',  ( 16.63371665418037182, 0.6500000000000000222, -23.75540928438073607 ) ) ;
#1368 = AXIS2_PLACEMENT_3D ( 'NONE', #190, #1499, #432 ) ;
#1369 = EDGE_CURVE ( 'NONE', #1025, #577, #63, .T. ) ;
#1370 = DIRECTION ( 'NONE',  ( -0.000000000000000000, -1.000000000000000000, -0.000000000000000000 ) ) ;
#1371 = AXIS2_PLACEMENT_3D ( 'NONE', #841, #969, #612 ) ;
#1372 = ORIENTED_EDGE ( 'NONE', *, *, #677, .F. ) ;
#1373 = CARTESIAN_POINT ( 'NONE',  ( 0.000000000000000000, 0.000000000000000000, 0.000000000000000000 ) ) ;
#1374 = DIRECTION ( 'NONE',  ( 0.000000000000000000, -1.000000000000000000, 0.000000000000000000 ) ) ;
#1375 = DIRECTION ( 'NONE',  ( -0.3420201433256663259, -0.000000000000000000, -0.9396926207859094271 ) ) ;
#1376 = AXIS2_PLACEMENT_3D ( 'NONE', #1444, #527, #170 ) ;
#1377 = PLANE ( 'NONE',  #601 ) ;
#1378 = AXIS2_PLACEMENT_3D ( 'NONE', #419, #651, #1516 ) ;
#1379 = DIRECTION ( 'NONE',  ( 0.000000000000000000, 0.000000000000000000, 1.000000000000000000 ) ) ;
#1380 = EDGE_CURVE ( 'NONE', #809, #866, #1327, .T. ) ;
#1381 = ORIENTED_EDGE ( 'NONE', *, *, #271, .T. ) ;
#1382 = SHAPE_DEFINITION_REPRESENTATION ( #58, #955 ) ;
#1383 = EDGE_CURVE ( 'NONE', #1051, #1436, #308, .T. ) ;
#1384 = VERTEX_POINT ( 'NONE', #317 ) ;
#1385 = CARTESIAN_POINT ( 'NONE',  ( 0.000000000000000000, 3.399999999999999911, 0.000000000000000000 ) ) ;
#1386 = DIRECTION ( 'NONE',  ( 0.000000000000000000, 0.000000000000000000, 1.000000000000000000 ) ) ;
#1387 = DIRECTION ( 'NONE',  ( -0.8191520442889913545, 0.000000000000000000, -0.5735764363510469366 ) ) ;
#1388 = CARTESIAN_POINT ( 'NONE',  ( 0.000000000000000000, 7.599999999999999645, 0.000000000000000000 ) ) ;
#1389 = VERTEX_POINT ( 'NONE', #414 ) ;
#1390 = ORIENTED_EDGE ( 'NONE', *, *, #226, .F. ) ;
#1391 = EDGE_CURVE ( 'NONE', #6, #816, #1262, .T. ) ;
#1392 = DIRECTION ( 'NONE',  ( -0.9396926207859095381, 0.000000000000000000, -0.3420201433256656598 ) ) ;
#1393 = CARTESIAN_POINT ( 'NONE',  ( 14.14213562373098299, -10.00000000000000000, -14.14213562373093858 ) ) ;
#1394 = PLANE ( 'NONE',  #1159 ) ;
#1395 = LINE ( 'NONE', #1388, #1196 ) ;
#1396 = AXIS2_PLACEMENT_3D ( 'NONE', #276, #1249, #383 ) ;
#1397 = ORIENTED_EDGE ( 'NONE', *, *, #471, .F. ) ;
#1398 = AXIS2_PLACEMENT_3D ( 'NONE', #1127, #649, #298 ) ;
#1399 = ORIENTED_EDGE ( 'NONE', *, *, #523, .F. ) ;
#1400 = FACE_OUTER_BOUND ( 'NONE', #1092, .T. ) ;
#1401 = PRESENTATION_STYLE_ASSIGNMENT (( #928 ) ) ;
#1402 = EDGE_CURVE ( 'NONE', #1112, #586, #1137, .T. ) ;
#1403 = SURFACE_SIDE_STYLE ('',( #1064 ) ) ;
#1404 = CIRCLE ( 'NONE', #1203, 2.750000000000000444 ) ;
#1405 = DIRECTION ( 'NONE',  ( 0.000000000000000000, -1.000000000000000000, 0.000000000000000000 ) ) ;
#1406 = VECTOR ( 'NONE', #73, 1000.000000000000000 ) ;
#1407 = VERTEX_POINT ( 'NONE', #290 ) ;
#1408 = AXIS2_PLACEMENT_3D ( 'NONE', #370, #867, #1513 ) ;
#1409 = EDGE_LOOP ( 'NONE', ( #344, #1080, #1183, #1459 ) ) ;
#1410 = DIRECTION ( 'NONE',  ( 0.000000000000000000, 0.000000000000000000, 1.000000000000000000 ) ) ;
#1411 = ORIENTED_EDGE ( 'NONE', *, *, #260, .T. ) ;
#1412 = EDGE_CURVE ( 'NONE', #1407, #1244, #729, .T. ) ;
#1413 = CARTESIAN_POINT ( 'NONE',  ( -16.63371665418037892, 3.399999999999999911, -23.75540928438073607 ) ) ;
#1414 = ORIENTED_EDGE ( 'NONE', *, *, #283, .T. ) ;
#1415 = ORIENTED_EDGE ( 'NONE', *, *, #239, .T. ) ;
#1416 = LINE ( 'NONE', #104, #1352 ) ;
#1417 = SURFACE_STYLE_USAGE ( .BOTH. , #1403 ) ;
#1418 = PLANE ( 'NONE',  #199 ) ;
#1419 = ORIENTED_EDGE ( 'NONE', *, *, #1546, .F. ) ;
#1420 = ITEM_DEFINED_TRANSFORMATION ( 'NONE', 'NONE', #152,  #905 ) ;
#1421 = AXIS2_PLACEMENT_3D ( 'NONE', #448, #1016, #184 ) ;
#1422 = EDGE_LOOP ( 'NONE', ( #1470, #1442, #970, #1251, #1307, #1059 ) ) ;
#1423 = CLOSED_SHELL ( 'NONE', ( #1229, #768, #291, #1493, #1530, #244, #54, #107, #389, #876, #1457, #916, #465, #625, #143, #1063, #589, #973, #614, #1322, #705, #563, #1214, #748 ) ) ;
#1424 =( LENGTH_UNIT ( ) NAMED_UNIT ( * ) SI_UNIT ( .MILLI., .METRE. ) );
#1425 = DIRECTION ( 'NONE',  ( -0.000000000000000000, 1.000000000000000000, -0.000000000000000000 ) ) ;
#1426 =( GEOMETRIC_REPRESENTATION_CONTEXT ( 3 ) GLOBAL_UNCERTAINTY_ASSIGNED_CONTEXT ( ( #800 ) ) GLOBAL_UNIT_ASSIGNED_CONTEXT ( ( #837, #240, #595 ) ) REPRESENTATION_CONTEXT ( 'NONE', 'WORKASPACE' ) );
#1427 = DIRECTION ( 'NONE',  ( 0.7660444431189795678, 0.000000000000000000, 0.6427876096865374755 ) ) ;
#1428 = AXIS2_PLACEMENT_3D ( 'NONE', #36, #446, #310 ) ;
#1429 = VERTEX_POINT ( 'NONE', #1492 ) ;
#1430 = ADVANCED_BREP_SHAPE_REPRESENTATION ( '', ( #1119, #905 ), #1533 ) ;
#1431 = SHAPE_REPRESENTATION ( 'Arc Enclosed Ball Bearing', ( #1408, #908, #838, #1163, #605, #812, #438, #152 ), #510 ) ;
#1432 = FILL_AREA_STYLE_COLOUR ( '', #1306 ) ;
#1433 = CARTESIAN_POINT ( 'NONE',  ( 23.72723867484421234, 0.6500000000000000222, -8.636008618973074036 ) ) ;
#1434 = LINE ( 'NONE', #1413, #872 ) ;
#1435 = DIRECTION ( 'NONE',  ( 0.000000000000000000, -1.000000000000000000, 0.000000000000000000 ) ) ;
#1436 = VERTEX_POINT ( 'NONE', #427 ) ;
#1437 = EDGE_CURVE ( 'NONE', #988, #1521, #384, .T. ) ;
#1438 = DIRECTION ( 'NONE',  ( 0.000000000000000000, 1.000000000000000000, 0.000000000000000000 ) ) ;
#1439 = DIRECTION ( 'NONE',  ( 0.000000000000000000, 0.000000000000000000, 1.000000000000000000 ) ) ;
#1440 = APPLICATION_CONTEXT ( 'automotive_design' ) ;
#1441 = CARTESIAN_POINT ( 'NONE',  ( 0.000000000000000000, -5.000000000000000000, 0.000000000000000000 ) ) ;
#1442 = ORIENTED_EDGE ( 'NONE', *, *, #364, .T. ) ;
#1443 = CIRCLE ( 'NONE', #1421, 25.25000000000000000 ) ;
#1444 = CARTESIAN_POINT ( 'NONE',  ( 0.000000000000000000, 0.6500000000000000222, 0.000000000000000000 ) ) ;
#1445 = VECTOR ( 'NONE', #1155, 1000.000000000000000 ) ;
#1446 = ADVANCED_FACE ( 'NONE', ( #795 ), #1145, .T. ) ;
#1447 = ORIENTED_EDGE ( 'NONE', *, *, #835, .F. ) ;
#1448 = CARTESIAN_POINT ( 'NONE',  ( 15.32088886237959002, -5.000000000000000000, -12.85575219373075839 ) ) ;
#1449 = PRODUCT_DEFINITION ( 'UNKNOWN', '', #630, #968 ) ;
#1450 = CARTESIAN_POINT ( 'NONE',  ( 16.12203461105330859, 6.000000000000000000, -16.12203461105326241 ) ) ;
#1451 = VECTOR ( 'NONE', #5, 1000.000000000000000 ) ;
#1452 = ORIENTED_EDGE ( 'NONE', *, *, #341, .T. ) ;
#1453 = AXIS2_PLACEMENT_3D ( 'NONE', #788, #1031, #1486 ) ;
#1454 = LINE ( 'NONE', #386, #777 ) ;
#1455 = ORIENTED_EDGE ( 'NONE', *, *, #540, .T. ) ;
#1456 = CARTESIAN_POINT ( 'NONE',  ( 0.000000000000000000, -3.399999999999999911, 0.000000000000000000 ) ) ;
#1457 = ADVANCED_FACE ( 'NONE', ( #920 ), #325, .F. ) ;
#1458 = LINE ( 'NONE', #141, #1318 ) ;
#1459 = ORIENTED_EDGE ( 'NONE', *, *, #1033, .T. ) ;
#1460 =( NAMED_UNIT ( * ) SI_UNIT ( $, .STERADIAN. ) SOLID_ANGLE_UNIT ( ) );
#1461 = CARTESIAN_POINT ( 'NONE',  ( 0.000000000000000000, -5.000000000000000000, 0.000000000000000000 ) ) ;
#1462 = ORIENTED_EDGE ( 'NONE', *, *, #1269, .F. ) ;
#1463 = CARTESIAN_POINT ( 'NONE',  ( 15.05638145421499452, 0.6500000000000000222, -21.50274116258601964 ) ) ;
#1464 = FACE_OUTER_BOUND ( 'NONE', #879, .T. ) ;
#1465 = EDGE_CURVE ( 'NONE', #1389, #562, #46, .T. ) ;
#1466 = ORIENTED_EDGE ( 'NONE', *, *, #489, .T. ) ;
#1467 = AXIS2_PLACEMENT_3D ( 'NONE', #618, #1008, #265 ) ;
#1468 =( NAMED_UNIT ( * ) PLANE_ANGLE_UNIT ( ) SI_UNIT ( $, .RADIAN. ) );
#1469 = DIRECTION ( 'NONE',  ( -0.000000000000000000, 1.000000000000000000, -0.000000000000000000 ) ) ;
#1470 = ORIENTED_EDGE ( 'NONE', *, *, #23, .F. ) ;
#1471 = CARTESIAN_POINT ( 'NONE',  ( 0.000000000000000000, -5.000000000000000000, 25.80000000000000426 ) ) ;
#1472 = CIRCLE ( 'NONE', #173, 2.749999999999999556 ) ;
#1473 = CARTESIAN_POINT ( 'NONE',  ( 0.000000000000000000, 3.399999999999999911, 0.000000000000000000 ) ) ;
#1474 = VERTEX_POINT ( 'NONE', #588 ) ;
#1475 = CARTESIAN_POINT ( 'NONE',  ( -22.44511587549326492, -0.4000000000000207834, -12.92388383326331258 ) ) ;
#1476 = STYLED_ITEM ( 'NONE', ( #1057 ), #1111 ) ;
#1477 = PRODUCT_DEFINITION ( 'UNKNOWN', '', #234, #133 ) ;
#1478 =( NAMED_UNIT ( * ) SI_UNIT ( $, .STERADIAN. ) SOLID_ANGLE_UNIT ( ) );
#1479 = DIRECTION ( 'NONE',  ( -0.000000000000000000, 1.000000000000000000, -0.000000000000000000 ) ) ;
#1480 =( GEOMETRIC_REPRESENTATION_CONTEXT ( 3 ) GLOBAL_UNCERTAINTY_ASSIGNED_CONTEXT ( ( #296 ) ) GLOBAL_UNIT_ASSIGNED_CONTEXT ( ( #994, #159, #1236 ) ) REPRESENTATION_CONTEXT ( 'NONE', 'WORKASPACE' ) );
#1481 = CARTESIAN_POINT ( 'NONE',  ( 14.91298734512723279, 3.399999999999999911, -21.29795315151377011 ) ) ;
#1482 = DIRECTION ( 'NONE',  ( 0.000000000000000000, 0.000000000000000000, -1.000000000000000000 ) ) ;
#1483 = VERTEX_POINT ( 'NONE', #475 ) ;
#1484 = CARTESIAN_POINT ( 'NONE',  ( 0.000000000000000000, 0.000000000000000000, 0.000000000000000000 ) ) ;
#1485 = PRESENTATION_STYLE_ASSIGNMENT (( #160 ) ) ;
#1486 = DIRECTION ( 'NONE',  ( 0.000000000000000000, 0.000000000000000000, 1.000000000000000000 ) ) ;
#1487 = EDGE_CURVE ( 'NONE', #870, #884, #581, .T. ) ;
#1488 = DIRECTION ( 'NONE',  ( 0.000000000000000000, 1.000000000000000000, -0.000000000000000000 ) ) ;
#1489 = PLANE ( 'NONE',  #350 ) ;
#1490 = ORIENTED_EDGE ( 'NONE', *, *, #540, .F. ) ;
#1491 = LINE ( 'NONE', #1547, #1148 ) ;
#1492 = CARTESIAN_POINT ( 'NONE',  ( -18.70283480880497962, 8.000000000000000000, -18.06111763193387532 ) ) ;
#1493 = ADVANCED_FACE ( 'NONE', ( #112 ), #686, .T. ) ;
#1494 = FACE_OUTER_BOUND ( 'NONE', #1422, .T. ) ;
#1495 = AXIS2_PLACEMENT_3D ( 'NONE', #922, #1260, #904 ) ;
#1496 = CIRCLE ( 'NONE', #728, 22.80000000000000426 ) ;
#1497 = PRODUCT_DEFINITION_CONTEXT ( 'detailed design', #1075, 'design' ) ;
#1498 = EDGE_CURVE ( 'NONE', #357, #747, #1416, .T. ) ;
#1499 = DIRECTION ( 'NONE',  ( 0.000000000000000000, 1.000000000000000000, 0.000000000000000000 ) ) ;
#1500 = AXIS2_PLACEMENT_3D ( 'NONE', #1245, #72, #640 ) ;
#1501 = ORIENTED_EDGE ( 'NONE', *, *, #1412, .F. ) ;
#1502 = PRODUCT_CONTEXT ( 'NONE', #642, 'mechanical' ) ;
#1503 = ORIENTED_EDGE ( 'NONE', *, *, #940, .F. ) ;
#1504 = CARTESIAN_POINT ( 'NONE',  ( 0.000000000000000000, -5.000000000000000000, 0.000000000000000000 ) ) ;
#1505 = LINE ( 'NONE', #911, #1406 ) ;
#1506 = VECTOR ( 'NONE', #513, 1000.000000000000000 ) ;
#1507 = FACE_OUTER_BOUND ( 'NONE', #713, .T. ) ;
#1508 = VECTOR ( 'NONE', #1128, 1000.000000000000000 ) ;
#1509 = PRODUCT_DEFINITION_FORMATION_WITH_SPECIFIED_SOURCE ( 'ANY', '', #1018, .NOT_KNOWN. ) ;
#1510 = LINE ( 'NONE', #913, #1001 ) ;
#1511 = ORIENTED_EDGE ( 'NONE', *, *, #96, .T. ) ;
#1512 = EDGE_CURVE ( 'NONE', #154, #332, #882, .T. ) ;
#1513 = DIRECTION ( 'NONE',  ( 1.000000000000000000, 0.000000000000000000, 0.000000000000000000 ) ) ;
#1514 = VERTEX_POINT ( 'NONE', #714 ) ;
#1515 = FACE_OUTER_BOUND ( 'NONE', #1066, .T. ) ;
#1516 = DIRECTION ( 'NONE',  ( 0.5735764363510476027, 0.000000000000000000, -0.8191520442889907994 ) ) ;
#1517 = PLANE ( 'NONE',  #132 ) ;
#1518 = LINE ( 'NONE', #1525, #171 ) ;
#1519 = ORIENTED_EDGE ( 'NONE', *, *, #314, .F. ) ;
#1520 = EDGE_CURVE ( 'NONE', #18, #957, #1073, .T. ) ;
#1521 = VERTEX_POINT ( 'NONE', #580 ) ;
#1522 = DIRECTION ( 'NONE',  ( -1.000000000000000000, 0.000000000000000000, 0.000000000000000000 ) ) ;
#1523 = CYLINDRICAL_SURFACE ( 'NONE', #780, 20.00000000000001421 ) ;
#1524 = LINE ( 'NONE', #560, #102 ) ;
#1525 = CARTESIAN_POINT ( 'NONE',  ( 0.000000000000000000, 3.399999999999999911, 0.000000000000000000 ) ) ;
#1526 = ORIENTED_EDGE ( 'NONE', *, *, #844, .T. ) ;
#1527 = AXIS2_PLACEMENT_3D ( 'NONE', #180, #169, #893 ) ;
#1528 = ORIENTED_EDGE ( 'NONE', *, *, #733, .F. ) ;
#1529 = DIRECTION ( 'NONE',  ( 0.000000000000000000, 0.000000000000000000, -1.000000000000000000 ) ) ;
#1530 = ADVANCED_FACE ( 'NONE', ( #1299 ), #1523, .F. ) ;
#1531 = PRESENTATION_STYLE_ASSIGNMENT (( #1197 ) ) ;
#1532 = DIRECTION ( 'NONE',  ( 0.000000000000000000, 0.000000000000000000, -1.000000000000000000 ) ) ;
#1533 =( GEOMETRIC_REPRESENTATION_CONTEXT ( 3 ) GLOBAL_UNCERTAINTY_ASSIGNED_CONTEXT ( ( #1052 ) ) GLOBAL_UNIT_ASSIGNED_CONTEXT ( ( #1424, #938, #817 ) ) REPRESENTATION_CONTEXT ( 'NONE', 'WORKASPACE' ) );
#1534 = ORIENTED_EDGE ( 'NONE', *, *, #1124, .T. ) ;
#1535 = ORIENTED_EDGE ( 'NONE', *, *, #124, .F. ) ;
#1536 = CARTESIAN_POINT ( 'NONE',  ( 0.000000000000000000, -0.6500000000000000222, 0.000000000000000000 ) ) ;
#1537 = EDGE_CURVE ( 'NONE', #255, #1239, #508, .T. ) ;
#1538 = FACE_OUTER_BOUND ( 'NONE', #1261, .T. ) ;
#1539 = EDGE_LOOP ( 'NONE', ( #346, #387, #571, #1125 ) ) ;
#1540 = ORIENTED_EDGE ( 'NONE', *, *, #239, .F. ) ;
#1541 = DIRECTION ( 'NONE',  ( 0.000000000000000000, 0.000000000000000000, -1.000000000000000000 ) ) ;
#1542 =( NAMED_UNIT ( * ) PLANE_ANGLE_UNIT ( ) SI_UNIT ( $, .RADIAN. ) );
#1543 = AXIS2_PLACEMENT_3D ( 'NONE', #1463, #880, #744 ) ;
#1544 = CARTESIAN_POINT ( 'NONE',  ( 21.14308396768296561, 3.399999999999999911, -7.695453224827493166 ) ) ;
#1545 = VECTOR ( 'NONE', #1346, 1000.000000000000000 ) ;
#1546 = EDGE_CURVE ( 'NONE', #1474, #154, #708, .T. ) ;
#1547 = CARTESIAN_POINT ( 'NONE',  ( -19.76394663246967554, 5.000000000000000000, -16.58392032991267584 ) ) ;
#1548 = VECTOR ( 'NONE', #485, 1000.000000000000227 ) ;
#1549 = EDGE_LOOP ( 'NONE', ( #1202, #1411, #1134, #1062 ) ) ;
#1550 = CARTESIAN_POINT ( 'NONE',  ( 0.000000000000000000, 0.000000000000000000, 0.000000000000000000 ) ) ;
#1551 = DIRECTION ( 'NONE',  ( 0.000000000000000000, 0.000000000000000000, -1.000000000000000000 ) ) ;
#1552 = FACE_OUTER_BOUND ( 'NONE', #9, .T. ) ;
#1553 = NEXT_ASSEMBLY_USAGE_OCCURRENCE ( 'NAUO1', ' ', ' ', #156, #1087, $ ) ;
#1554 = NEXT_ASSEMBLY_USAGE_OCCURRENCE ( 'NAUO2', ' ', ' ', #156, #1449, $ ) ;
#1555 = NEXT_ASSEMBLY_USAGE_OCCURRENCE ( 'NAUO3', ' ', ' ', #156, #1477, $ ) ;
#1556 = NEXT_ASSEMBLY_USAGE_OCCURRENCE ( 'NAUO4', ' ', ' ', #156, #1477, $ ) ;
#1557 = NEXT_ASSEMBLY_USAGE_OCCURRENCE ( 'NAUO5', ' ', ' ', #156, #1477, $ ) ;
#1558 = NEXT_ASSEMBLY_USAGE_OCCURRENCE ( 'NAUO6', ' ', ' ', #156, #1477, $ ) ;
#1559 = NEXT_ASSEMBLY_USAGE_OCCURRENCE ( 'NAUO7', ' ', ' ', #156, #1477, $ ) ;
ENDSEC;
END-ISO-10303-21;
